Booking_ID,Day,Flight_Number,Departure_Time,Aircraft_Model,Passenger_Name,Seat_Class,Seat_Number
1008,월,KE2001,8:05,A330-300,한서연,Prestige,11C
1009,월,KE2001,8:05,A330-300,조도윤,Prestige,10B
1010,월,KE2001,8:05,A330-300,안지훈,Prestige,12B
1011,월,KE2001,8:05,A330-300,권서연,Prestige,12C
1012,월,KE2001,8:05,A330-300,최지훈,Prestige,12D
1013,월,KE2001,8:05,A330-300,정지유,Prestige,11E
1014,월,KE2001,8:05,A330-300,김민서,Prestige,9K
1015,월,KE2001,8:05,A330-300,임지우,Prestige,8C
1016,월,KE2001,8:05,A330-300,장민준,Prestige,9A
1017,월,KE2001,8:05,A330-300,오도윤,Prestige,13J
1018,월,KE2001,8:05,A330-300,이민서,Prestige,14D
1019,월,KE2001,8:05,A330-300,한채원,Prestige,10K
1020,월,KE2001,8:05,A330-300,윤민준,Prestige,13D
1021,월,KE2001,8:05,A330-300,한유준,Prestige,7B
1022,월,KE2001,8:05,A330-300,안하윤,Prestige,9C
1023,월,KE2001,8:05,A330-300,장유준,Prestige,8B
1024,월,KE2001,8:05,A330-300,박서연,Prestige,13H
1025,월,KE2001,8:05,A330-300,안채원,Prestige,7A
1026,월,KE2001,8:05,A330-300,권민준,Prestige,11K
1027,월,KE2001,8:05,A330-300,안유준,Prestige,14H
1028,월,KE2001,8:05,A330-300,권현우,Prestige,12H
1029,월,KE2001,8:05,A330-300,권민준,Prestige,7C
1030,월,KE2001,8:05,A330-300,박준우,Prestige,14J
1031,월,KE2001,8:05,A330-300,신유준,Prestige,9B
1032,월,KE2001,8:05,A330-300,임현우,Prestige,8A
1033,월,KE2001,8:05,A330-300,정준우,Prestige,9H
1034,월,KE2001,8:05,A330-300,서하윤,Prestige,10E
1035,월,KE2001,8:05,A330-300,안윤우,Prestige,13A
1036,월,KE2001,8:05,A330-300,안수아,Prestige,10D
1037,월,KE2001,8:05,A330-300,조지훈,Prestige,10C
1038,월,KE2001,8:05,A330-300,신채원,Prestige,10A
1039,월,KE2001,8:05,A330-300,임민서,Prestige,13B
1040,월,KE2001,8:05,A330-300,조준우,Prestige,10H
1041,월,KE2001,8:05,A330-300,황서윤,Prestige,11J
1042,월,KE2001,8:05,A330-300,황하윤,Prestige,14K
1043,월,KE2001,8:05,A330-300,정민서,Prestige,11H
1044,월,KE2001,8:05,A330-300,신준우,Prestige,8D
1045,월,KE2001,8:05,A330-300,강지우,Prestige,8K
1046,월,KE2001,8:05,A330-300,신채원,Prestige,8E
1047,월,KE2001,8:05,A330-300,황지우,Prestige,9E
1048,월,KE2001,8:05,A330-300,안준우,Prestige,11D
1049,월,KE2001,8:05,A330-300,조하윤,Economy,52A
1050,월,KE2001,8:05,A330-300,오현우,Economy,45K
1051,월,KE2001,8:05,A330-300,조준우,Economy,53J
1052,월,KE2001,8:05,A330-300,서지훈,Economy,43E
1053,월,KE2001,8:05,A330-300,조지유,Economy,47H
1054,월,KE2001,8:05,A330-300,임예준,Economy,32E
1055,월,KE2001,8:05,A330-300,박현우,Economy,44H
1056,월,KE2001,8:05,A330-300,윤도윤,Economy,54J
1057,월,KE2001,8:05,A330-300,황윤우,Economy,21E
1058,월,KE2001,8:05,A330-300,장민서,Economy,40H
1059,월,KE2001,8:05,A330-300,박하윤,Economy,52H
1060,월,KE2001,8:05,A330-300,이민준,Economy,26A
1061,월,KE2001,8:05,A330-300,최현우,Economy,27J
1062,월,KE2001,8:05,A330-300,윤지유,Economy,37D
1063,월,KE2001,8:05,A330-300,장서윤,Economy,29B
1064,월,KE2001,8:05,A330-300,조민준,Economy,29C
1065,월,KE2001,8:05,A330-300,임윤우,Economy,54H
1066,월,KE2001,8:05,A330-300,조수아,Economy,36E
1067,월,KE2001,8:05,A330-300,오서연,Economy,27D
1068,월,KE2001,8:05,A330-300,권하윤,Economy,46A
1069,월,KE2001,8:05,A330-300,신채원,Economy,22J
1070,월,KE2001,8:05,A330-300,조하윤,Economy,53K
1071,월,KE2001,8:05,A330-300,김윤우,Economy,40E
1072,월,KE2001,8:05,A330-300,조현우,Economy,42C
1073,월,KE2001,8:05,A330-300,한예준,Economy,38K
1074,월,KE2001,8:05,A330-300,오지훈,Economy,46C
1075,월,KE2001,8:05,A330-300,권지우,Economy,38E
1076,월,KE2001,8:05,A330-300,윤서윤,Economy,28B
1077,월,KE2001,8:05,A330-300,권지훈,Economy,42D
1078,월,KE2001,8:05,A330-300,임서연,Economy,25K
1079,월,KE2001,8:05,A330-300,정유준,Economy,29E
1080,월,KE2001,8:05,A330-300,정민준,Economy,54A
1081,월,KE2001,8:05,A330-300,황지유,Economy,33D
1082,월,KE2001,8:05,A330-300,조유준,Economy,36K
1083,월,KE2001,8:05,A330-300,오서연,Economy,45C
1084,월,KE2001,8:05,A330-300,윤서윤,Economy,49B
1085,월,KE2001,8:05,A330-300,권예준,Economy,22C
1086,월,KE2001,8:05,A330-300,정서연,Economy,31C
1087,월,KE2001,8:05,A330-300,정하윤,Economy,41E
1088,월,KE2001,8:05,A330-300,신현우,Economy,31E
1089,월,KE2001,8:05,A330-300,안민서,Economy,42J
1090,월,KE2001,8:05,A330-300,안현우,Economy,21D
1091,월,KE2001,8:05,A330-300,윤하윤,Economy,50D
1092,월,KE2001,8:05,A330-300,황지유,Economy,38C
1093,월,KE2001,8:05,A330-300,황서윤,Economy,34K
1094,월,KE2001,8:05,A330-300,윤지훈,Economy,29J
1095,월,KE2001,8:05,A330-300,임예준,Economy,24D
1096,월,KE2001,8:05,A330-300,장준우,Economy,43D
1097,월,KE2001,8:05,A330-300,윤유준,Economy,54K
1098,월,KE2001,8:05,A330-300,김지유,Economy,20J
1099,월,KE2001,8:05,A330-300,이민준,Economy,26K
1100,월,KE2001,8:05,A330-300,황민준,Economy,53D
1101,월,KE2001,8:05,A330-300,김서윤,Economy,23C
1102,월,KE2001,8:05,A330-300,최윤우,Economy,49J
1103,월,KE2001,8:05,A330-300,오하윤,Economy,26E
1104,월,KE2001,8:05,A330-300,최하윤,Economy,37A
1105,월,KE2001,8:05,A330-300,윤도윤,Economy,53E
1106,월,KE2001,8:05,A330-300,김유준,Economy,25A
1107,월,KE2001,8:05,A330-300,한하윤,Economy,23D
1108,월,KE2001,8:05,A330-300,한지우,Economy,30J
1109,월,KE2001,8:05,A330-300,한지우,Economy,33J
1110,월,KE2001,8:05,A330-300,김수아,Economy,33H
1111,월,KE2001,8:05,A330-300,윤서연,Economy,50E
1112,월,KE2001,8:05,A330-300,황채원,Economy,25D
1113,월,KE2001,8:05,A330-300,정지훈,Economy,37H
1114,월,KE2001,8:05,A330-300,최수아,Economy,24A
1115,월,KE2001,8:05,A330-300,안서연,Economy,40J
1116,월,KE2001,8:05,A330-300,이민서,Economy,22A
1117,월,KE2001,8:05,A330-300,서지유,Economy,22D
1118,월,KE2001,8:05,A330-300,박채원,Economy,51K
1119,월,KE2001,8:05,A330-300,안서윤,Economy,37E
1120,월,KE2001,8:05,A330-300,신채원,Economy,21J
1121,월,KE2001,8:05,A330-300,장서연,Economy,48A
1122,월,KE2001,8:05,A330-300,한예준,Economy,41J
1123,월,KE2001,8:05,A330-300,안하윤,Economy,47B
1124,월,KE2001,8:05,A330-300,조윤우,Economy,51C
1125,월,KE2001,8:05,A330-300,황예준,Economy,40C
1126,월,KE2001,8:05,A330-300,임윤우,Economy,31H
1127,월,KE2001,8:05,A330-300,강준우,Economy,35H
1128,월,KE2001,8:05,A330-300,박수아,Economy,35C
1129,월,KE2001,8:05,A330-300,신하윤,Economy,52K
1130,월,KE2001,8:05,A330-300,김서연,Economy,49K
1131,월,KE2001,8:05,A330-300,신지우,Economy,50K
1132,월,KE2001,8:05,A330-300,윤민서,Economy,28C
1133,월,KE2001,8:05,A330-300,강서연,Economy,52C
1134,월,KE2001,8:05,A330-300,이윤우,Economy,39B
1135,월,KE2001,8:05,A330-300,임윤우,Economy,42H
1136,월,KE2001,8:05,A330-300,정현우,Economy,50A
1137,월,KE2001,8:05,A330-300,서윤우,Economy,39H
1138,월,KE2001,8:05,A330-300,오유준,Economy,45H
1139,월,KE2001,8:05,A330-300,안지훈,Economy,49A
1140,월,KE2001,8:05,A330-300,권민서,Economy,39C
1141,월,KE2001,8:05,A330-300,권지우,Economy,32B
1142,월,KE2001,8:05,A330-300,윤준우,Economy,20A
1143,월,KE2001,8:05,A330-300,장현우,Economy,25E
1144,월,KE2001,8:05,A330-300,강하윤,Economy,52B
1145,월,KE2001,8:05,A330-300,임현우,Economy,38J
1146,월,KE2001,8:05,A330-300,정하윤,Economy,31B
1147,월,KE2001,8:05,A330-300,서채원,Economy,36C
1148,월,KE2001,8:05,A330-300,정수아,Economy,39K
1149,월,KE2001,8:05,A330-300,최민서,Economy,33E
1150,월,KE2001,8:05,A330-300,강예준,Economy,29K
1151,월,KE2001,8:05,A330-300,김민서,Economy,21H
1152,월,KE2001,8:05,A330-300,서윤우,Economy,31K
1153,월,KE2001,8:05,A330-300,정지훈,Economy,42B
1154,월,KE2001,8:05,A330-300,김지훈,Economy,51B
1155,월,KE2001,8:05,A330-300,한지우,Economy,24C
1156,월,KE2001,8:05,A330-300,임준우,Economy,35A
1157,월,KE2001,8:05,A330-300,임예준,Economy,52J
1158,월,KE2001,8:05,A330-300,박준우,Economy,50H
1159,월,KE2001,8:05,A330-300,권민서,Economy,30E
1160,월,KE2001,8:05,A330-300,정유준,Economy,35D
1161,월,KE2001,8:05,A330-300,김유준,Economy,26J
1162,월,KE2001,8:05,A330-300,권현우,Economy,39A
1163,월,KE2001,8:05,A330-300,조민서,Economy,41K
1164,월,KE2001,8:05,A330-300,정수아,Economy,54D
1165,월,KE2001,8:05,A330-300,조준우,Economy,50B
1166,월,KE2001,8:05,A330-300,강서윤,Economy,26C
1167,월,KE2001,8:05,A330-300,신현우,Economy,48J
1168,월,KE2001,8:05,A330-300,조도윤,Economy,37B
1169,월,KE2001,8:05,A330-300,신하윤,Economy,30K
1170,월,KE2001,8:05,A330-300,장도윤,Economy,47D
1171,월,KE2001,8:05,A330-300,임지우,Economy,38H
1172,월,KE2001,8:05,A330-300,김현우,Economy,44B
1173,월,KE2001,8:05,A330-300,신민서,Economy,24K
1174,월,KE2001,8:05,A330-300,강준우,Economy,42E
1175,월,KE2001,8:05,A330-300,장현우,Economy,43H
1176,월,KE2001,8:05,A330-300,권수아,Economy,49H
1177,월,KE2001,8:05,A330-300,최현우,Economy,35J
1178,월,KE2001,8:05,A330-300,조도윤,Economy,39J
1179,월,KE2001,8:05,A330-300,이민서,Economy,30H
1180,월,KE2001,8:05,A330-300,오유준,Economy,40A
1181,월,KE2001,8:05,A330-300,최지우,Economy,39D
1182,월,KE2001,8:05,A330-300,오민서,Economy,27K
1183,월,KE2001,8:05,A330-300,최유준,Economy,30B
1184,월,KE2001,8:05,A330-300,권민준,Economy,48K
1185,월,KE2001,8:05,A330-300,권도윤,Economy,32C
1186,월,KE2001,8:05,A330-300,한도윤,Economy,30A
1187,월,KE2001,8:05,A330-300,서서연,Economy,23A
1188,월,KE2001,8:05,A330-300,박민준,Economy,50J
1189,월,KE2001,8:05,A330-300,강수아,Economy,44E
1190,월,KE2001,8:05,A330-300,한예준,Economy,34C
1191,월,KE2001,8:05,A330-300,서도윤,Economy,51J
1192,월,KE2001,8:05,A330-300,안윤우,Economy,53H
1193,월,KE2001,8:05,A330-300,정채원,Economy,32A
1194,월,KE2001,8:05,A330-300,박유준,Economy,47C
1195,월,KE2001,8:05,A330-300,정준우,Economy,24E
1196,월,KE2001,8:05,A330-300,신예준,Economy,43C
1197,월,KE2001,8:05,A330-300,오민서,Economy,22K
1198,월,KE2001,8:05,A330-300,신서윤,Economy,40K
1199,월,KE2001,8:05,A330-300,오현우,Economy,48C
1200,월,KE2001,8:05,A330-300,황지유,Economy,46J
1201,월,KE2001,8:05,A330-300,황유준,Economy,22H
1202,월,KE2001,8:05,A330-300,강준우,Economy,28E
1203,월,KE2001,8:05,A330-300,장수아,Economy,53A
1204,월,KE2001,8:05,A330-300,장지유,Economy,40D
1205,월,KE2001,8:05,A330-300,김지우,Economy,44J
1206,월,KE2001,8:05,A330-300,안현우,Economy,43J
1207,월,KE2001,8:05,A330-300,안예준,Economy,23H
1208,월,KE2001,8:05,A330-300,이예준,Economy,39E
1209,월,KE2001,8:05,A330-300,박하윤,Economy,31A
1210,월,KE2001,8:05,A330-300,강채원,Economy,22B
1211,월,KE2001,8:05,A330-300,정윤우,Economy,41C
1212,월,KE2001,8:05,A330-300,서민서,Economy,21B
1213,월,KE2001,8:05,A330-300,권채원,Economy,20B
1214,월,KE2001,8:05,A330-300,한윤우,Economy,33K
1215,월,KE2001,8:05,A330-300,조유준,Economy,25J
1216,월,KE2001,8:05,A330-300,장서윤,Economy,43A
1217,월,KE2001,8:05,A330-300,이서연,Economy,26B
1218,월,KE2001,8:05,A330-300,권민준,Economy,47E
1219,월,KE2001,8:05,A330-300,황지우,Economy,41H
1220,월,KE2001,8:05,A330-300,장수아,Economy,41D
1221,월,KE2001,8:05,A330-300,박민준,Economy,49E
1222,월,KE2001,8:05,A330-300,신민서,Economy,20D
1223,월,KE2001,8:05,A330-300,이민서,Economy,53C
1224,월,KE2001,8:05,A330-300,안하윤,Economy,22E
1225,월,KE2001,8:05,A330-300,박민준,Economy,24B
1226,월,KE2001,8:05,A330-300,이준우,Economy,35E
1227,월,KE2001,8:05,A330-300,조민서,Economy,48B
1228,월,KE2001,8:05,A330-300,박예준,Economy,32J
1229,월,KE2001,8:05,A330-300,서도윤,Economy,36B
1230,월,KE2001,8:05,A330-300,최현우,Economy,24J
1231,월,KE2001,8:05,A330-300,권하윤,Economy,34E
1232,월,KE2001,8:05,A330-300,한서연,Economy,46H
1233,월,KE2001,8:05,A330-300,임채원,Economy,50C
1234,월,KE2001,8:05,A330-300,윤도윤,Economy,27C
1235,월,KE2001,8:05,A330-300,윤지유,Economy,44K
1236,월,KE2001,8:05,A330-300,김준우,Economy,42K
1237,월,KE2001,8:05,A330-300,박수아,Economy,34H
1238,월,KE2001,8:05,A330-300,안준우,Economy,38B
1239,월,KE2001,8:05,A330-300,윤서연,Economy,30C
1240,월,KE2001,8:05,A330-300,신윤우,Economy,33B
1241,월,KE2001,8:05,A330-300,장지훈,Economy,28H
1242,월,KE2001,8:05,A330-300,권윤우,Economy,28K
1243,월,KE2001,8:05,A330-300,이준우,Economy,51E
1244,월,KE2001,8:05,A330-300,한지우,Economy,36H
1245,월,KE2001,8:05,A330-300,정채원,Economy,21C
1246,월,KE2001,8:05,A330-300,이예준,Economy,33A
1247,월,KE2001,8:05,A330-300,이채원,Economy,44D
1248,월,KE2001,8:05,A330-300,임채원,Economy,47K
1249,월,KE2001,8:05,A330-300,조예준,Economy,54C
1250,월,KE2001,8:05,A330-300,임준우,Economy,44A
1251,월,KE2001,8:05,A330-300,박윤우,Economy,23K
1252,월,KE2001,8:05,A330-300,신준우,Economy,43B
1253,월,KE2005,13:25,A321-neo,서지우,Prestige,10C
1254,월,KE2005,13:25,A321-neo,강민서,Prestige,12H
1255,월,KE2005,13:25,A321-neo,오지유,Prestige,14D
1256,월,KE2005,13:25,A321-neo,황지훈,Prestige,11D
1257,월,KE2005,13:25,A321-neo,권준우,Prestige,7K
1258,월,KE2005,13:25,A321-neo,신채원,Prestige,10J
1259,월,KE2005,13:25,A321-neo,김도윤,Prestige,7E
1260,월,KE2005,13:25,A321-neo,조하윤,Prestige,10D
1261,월,KE2005,13:25,A321-neo,황민준,Prestige,9B
1262,월,KE2005,13:25,A321-neo,임수아,Prestige,8H
1263,월,KE2005,13:25,A321-neo,오민준,Prestige,10H
1264,월,KE2005,13:25,A321-neo,임지훈,Prestige,9H
1265,월,KE2005,13:25,A321-neo,황예준,Prestige,13B
1266,월,KE2005,13:25,A321-neo,오예준,Prestige,12D
1267,월,KE2005,13:25,A321-neo,안민준,Prestige,13E
1268,월,KE2005,13:25,A321-neo,박현우,Prestige,14H
1269,월,KE2005,13:25,A321-neo,황민준,Prestige,11K
1270,월,KE2005,13:25,A321-neo,안하윤,Prestige,11C
1271,월,KE2005,13:25,A321-neo,박민준,Prestige,7A
1272,월,KE2005,13:25,A321-neo,조채원,Prestige,10B
1273,월,KE2005,13:25,A321-neo,김윤우,Prestige,10A
1274,월,KE2005,13:25,A321-neo,임지우,Prestige,12B
1275,월,KE2005,13:25,A321-neo,박서윤,Prestige,10K
1276,월,KE2005,13:25,A321-neo,신민서,Prestige,11A
1277,월,KE2005,13:25,A321-neo,한지우,Prestige,14C
1278,월,KE2005,13:25,A321-neo,장채원,Prestige,9J
1279,월,KE2005,13:25,A321-neo,강수아,Prestige,8C
1280,월,KE2005,13:25,A321-neo,조도윤,Prestige,8A
1281,월,KE2005,13:25,A321-neo,최윤우,Prestige,9A
1282,월,KE2005,13:25,A321-neo,이지우,Economy,53H
1283,월,KE2005,13:25,A321-neo,임서연,Economy,35E
1284,월,KE2005,13:25,A321-neo,한하윤,Economy,42K
1285,월,KE2005,13:25,A321-neo,오하윤,Economy,51E
1286,월,KE2005,13:25,A321-neo,윤민준,Economy,52B
1287,월,KE2005,13:25,A321-neo,조현우,Economy,48A
1288,월,KE2005,13:25,A321-neo,최유준,Economy,20K
1289,월,KE2005,13:25,A321-neo,임하윤,Economy,38E
1290,월,KE2005,13:25,A321-neo,권채원,Economy,44D
1291,월,KE2005,13:25,A321-neo,장도윤,Economy,49K
1292,월,KE2005,13:25,A321-neo,김민준,Economy,35K
1293,월,KE2005,13:25,A321-neo,오현우,Economy,31C
1294,월,KE2005,13:25,A321-neo,오채원,Economy,54K
1295,월,KE2005,13:25,A321-neo,한윤우,Economy,24E
1296,월,KE2005,13:25,A321-neo,강민서,Economy,29E
1297,월,KE2005,13:25,A321-neo,김윤우,Economy,40B
1298,월,KE2005,13:25,A321-neo,황현우,Economy,54D
1299,월,KE2005,13:25,A321-neo,장하윤,Economy,39D
1300,월,KE2005,13:25,A321-neo,박민서,Economy,47J
1301,월,KE2005,13:25,A321-neo,오하윤,Economy,30B
1302,월,KE2005,13:25,A321-neo,박지훈,Economy,23E
1303,월,KE2005,13:25,A321-neo,황민준,Economy,41H
1304,월,KE2005,13:25,A321-neo,안채원,Economy,22E
1305,월,KE2005,13:25,A321-neo,조하윤,Economy,43J
1306,월,KE2005,13:25,A321-neo,황하윤,Economy,28C
1307,월,KE2005,13:25,A321-neo,서서윤,Economy,33H
1308,월,KE2005,13:25,A321-neo,박하윤,Economy,39A
1309,월,KE2005,13:25,A321-neo,오현우,Economy,27C
1310,월,KE2005,13:25,A321-neo,박서연,Economy,42C
1311,월,KE2005,13:25,A321-neo,강서연,Economy,20J
1312,월,KE2005,13:25,A321-neo,황유준,Economy,49B
1313,월,KE2005,13:25,A321-neo,최도윤,Economy,32J
1314,월,KE2005,13:25,A321-neo,임민서,Economy,37H
1315,월,KE2005,13:25,A321-neo,안하윤,Economy,34J
1316,월,KE2005,13:25,A321-neo,안윤우,Economy,45E
1317,월,KE2005,13:25,A321-neo,박서연,Economy,53K
1318,월,KE2005,13:25,A321-neo,정지유,Economy,36C
1319,월,KE2005,13:25,A321-neo,최지유,Economy,45J
1320,월,KE2005,13:25,A321-neo,안지유,Economy,36D
1321,월,KE2005,13:25,A321-neo,강준우,Economy,34K
1322,월,KE2005,13:25,A321-neo,박지유,Economy,28A
1323,월,KE2005,13:25,A321-neo,윤채원,Economy,36A
1324,월,KE2005,13:25,A321-neo,장채원,Economy,33K
1325,월,KE2005,13:25,A321-neo,정민준,Economy,54E
1326,월,KE2005,13:25,A321-neo,장지훈,Economy,26E
1327,월,KE2005,13:25,A321-neo,김민준,Economy,51A
1328,월,KE2005,13:25,A321-neo,권지훈,Economy,44H
1329,월,KE2005,13:25,A321-neo,한지우,Economy,34H
1330,월,KE2005,13:25,A321-neo,황민서,Economy,41A
1331,월,KE2005,13:25,A321-neo,박민서,Economy,53J
1332,월,KE2005,13:25,A321-neo,이현우,Economy,36E
1333,월,KE2005,13:25,A321-neo,김현우,Economy,46B
1334,월,KE2005,13:25,A321-neo,박유준,Economy,46A
1335,월,KE2005,13:25,A321-neo,권서연,Economy,26H
1336,월,KE2005,13:25,A321-neo,임준우,Economy,36B
1337,월,KE2005,13:25,A321-neo,윤지우,Economy,29H
1338,월,KE2005,13:25,A321-neo,강지훈,Economy,50B
1339,월,KE2005,13:25,A321-neo,박민서,Economy,27K
1340,월,KE2005,13:25,A321-neo,이지유,Economy,20D
1341,월,KE2005,13:25,A321-neo,한민준,Economy,30K
1342,월,KE2005,13:25,A321-neo,최수아,Economy,46C
1343,월,KE2005,13:25,A321-neo,임준우,Economy,23D
1344,월,KE2005,13:25,A321-neo,안지훈,Economy,26C
1345,월,KE2005,13:25,A321-neo,한채원,Economy,51B
1346,월,KE2005,13:25,A321-neo,정지훈,Economy,33J
1347,월,KE2005,13:25,A321-neo,안도윤,Economy,21E
1348,월,KE2005,13:25,A321-neo,김수아,Economy,20B
1349,월,KE2005,13:25,A321-neo,권하윤,Economy,48K
1350,월,KE2005,13:25,A321-neo,장지유,Economy,31K
1351,월,KE2005,13:25,A321-neo,강유준,Economy,54B
1352,월,KE2005,13:25,A321-neo,정채원,Economy,44J
1353,월,KE2005,13:25,A321-neo,이윤우,Economy,48B
1354,월,KE2005,13:25,A321-neo,조현우,Economy,41C
1355,월,KE2005,13:25,A321-neo,황하윤,Economy,45B
1356,월,KE2005,13:25,A321-neo,김수아,Economy,38C
1357,월,KE2005,13:25,A321-neo,박준우,Economy,20C
1358,월,KE2005,13:25,A321-neo,오지유,Economy,33A
1359,월,KE2005,13:25,A321-neo,윤서연,Economy,22C
1360,월,KE2005,13:25,A321-neo,장민준,Economy,27D
1361,월,KE2005,13:25,A321-neo,서수아,Economy,47C
1362,월,KE2005,13:25,A321-neo,이도윤,Economy,23J
1363,월,KE2005,13:25,A321-neo,박민서,Economy,50H
1364,월,KE2005,13:25,A321-neo,박지훈,Economy,24C
1365,월,KE2005,13:25,A321-neo,임지우,Economy,25B
1366,월,KE2005,13:25,A321-neo,정민준,Economy,42J
1367,월,KE2005,13:25,A321-neo,권지우,Economy,25H
1368,월,KE2005,13:25,A321-neo,임준우,Economy,45A
1369,월,KE2005,13:25,A321-neo,이서연,Economy,37D
1370,월,KE2005,13:25,A321-neo,장민서,Economy,39K
1371,월,KE2005,13:25,A321-neo,윤지우,Economy,42H
1372,월,KE2005,13:25,A321-neo,신도윤,Economy,31J
1373,월,KE2005,13:25,A321-neo,윤도윤,Economy,35B
1374,월,KE2005,13:25,A321-neo,장지훈,Economy,49H
1375,월,KE2005,13:25,A321-neo,서현우,Economy,21K
1376,월,KE2005,13:25,A321-neo,최민준,Economy,50K
1377,월,KE2005,13:25,A321-neo,최민서,Economy,22D
1378,월,KE2005,13:25,A321-neo,한유준,Economy,35J
1379,월,KE2005,13:25,A321-neo,조민서,Economy,32D
1380,월,KE2005,13:25,A321-neo,신도윤,Economy,24K
1381,월,KE2005,13:25,A321-neo,황준우,Economy,34E
1382,월,KE2005,13:25,A321-neo,윤하윤,Economy,52D
1383,월,KE2005,13:25,A321-neo,이예준,Economy,26B
1384,월,KE2005,13:25,A321-neo,김민준,Economy,23K
1385,월,KE2005,13:25,A321-neo,김예준,Economy,47B
1386,월,KE2005,13:25,A321-neo,임채원,Economy,52K
1387,월,KE2005,13:25,A321-neo,강지우,Economy,53B
1388,월,KE2005,13:25,A321-neo,강지훈,Economy,40D
1389,월,KE2005,13:25,A321-neo,안현우,Economy,39B
1390,월,KE2005,13:25,A321-neo,이수아,Economy,40J
1391,월,KE2005,13:25,A321-neo,정채원,Economy,30A
1392,월,KE2005,13:25,A321-neo,서현우,Economy,30H
1393,월,KE2005,13:25,A321-neo,오지우,Economy,22K
1394,월,KE2005,13:25,A321-neo,안서연,Economy,27E
1395,월,KE2005,13:25,A321-neo,서서윤,Economy,45D
1396,월,KE2005,13:25,A321-neo,김수아,Economy,39J
1397,월,KE2005,13:25,A321-neo,안수아,Economy,53C
1398,월,KE2005,13:25,A321-neo,신윤우,Economy,43B
1399,월,KE2005,13:25,A321-neo,이서윤,Economy,37E
1400,월,KE2005,13:25,A321-neo,김하윤,Economy,44C
1401,월,KE2005,13:25,A321-neo,김민준,Economy,39E
1402,월,KE2005,13:25,A321-neo,임예준,Economy,24H
1403,월,KE2005,13:25,A321-neo,김도윤,Economy,41B
1404,월,KE2005,13:25,A321-neo,권채원,Economy,30C
1405,월,KE2005,13:25,A321-neo,황준우,Economy,46J
1406,월,KE2005,13:25,A321-neo,안수아,Economy,46D
1407,월,KE2005,13:25,A321-neo,권지유,Economy,26A
1408,월,KE2005,13:25,A321-neo,한지훈,Economy,35C
1409,월,KE2005,13:25,A321-neo,임서연,Economy,39C
1410,월,KE2005,13:25,A321-neo,윤윤우,Economy,23H
1411,월,KE2005,13:25,A321-neo,한서연,Economy,30J
1412,월,KE2005,13:25,A321-neo,서민준,Economy,22B
1413,월,KE2005,13:25,A321-neo,최서윤,Economy,54A
1414,월,KE2005,13:25,A321-neo,최서윤,Economy,25D
1415,월,KE2005,13:25,A321-neo,최지우,Economy,49J
1416,월,KE2005,13:25,A321-neo,안서연,Economy,32H
1417,월,KE2005,13:25,A321-neo,강지유,Economy,27H
1418,월,KE2005,13:25,A321-neo,조하윤,Economy,29J
1419,월,KE2005,13:25,A321-neo,최수아,Economy,23C
1420,월,KE2005,13:25,A321-neo,박지우,Economy,28J
1421,월,KE2005,13:25,A321-neo,장준우,Economy,50C
1422,월,KE2005,13:25,A321-neo,임현우,Economy,24B
1423,월,KE2005,13:25,A321-neo,신하윤,Economy,39H
1424,월,KE2005,13:25,A321-neo,박윤우,Economy,20A
1425,월,KE2005,13:25,A321-neo,최지유,Economy,47H
1426,월,KE2005,13:25,A321-neo,장예준,Economy,33D
1427,월,KE2005,13:25,A321-neo,최예준,Economy,38D
1428,월,KE2005,13:25,A321-neo,조민준,Economy,25A
1429,월,KE2005,13:25,A321-neo,황민서,Economy,52A
1430,월,KE2005,13:25,A321-neo,안민준,Economy,33C
1431,월,KE2005,13:25,A321-neo,조도윤,Economy,26J
1432,월,KE2005,13:25,A321-neo,권윤우,Economy,23B
1433,월,KE2005,13:25,A321-neo,최서연,Economy,22A
1434,월,KE2005,13:25,A321-neo,이현우,Economy,38H
1435,월,KE2005,13:25,A321-neo,한민서,Economy,22J
1436,월,KE2005,13:25,A321-neo,신지유,Economy,35H
1437,월,KE2005,13:25,A321-neo,한지우,Economy,37C
1438,월,KE2005,13:25,A321-neo,오민서,Economy,51D
1439,월,KE2005,13:25,A321-neo,박민서,Economy,46K
1440,월,KE2005,13:25,A321-neo,장예준,Economy,47E
1441,월,KE2005,13:25,A321-neo,권수아,Economy,42A
1442,월,KE2005,13:25,A321-neo,박서윤,Economy,40C
1443,월,KE2005,13:25,A321-neo,임지훈,Economy,25C
1444,월,KE2005,13:25,A321-neo,권수아,Economy,42B
1445,월,KE2005,13:25,A321-neo,황서연,Economy,42E
1446,월,KE2005,13:25,A321-neo,윤지우,Economy,24D
1447,월,KE2005,13:25,A321-neo,장하윤,Economy,47A
1448,월,KE2005,13:25,A321-neo,최현우,Economy,37A
1449,월,KE2005,13:25,A321-neo,정채원,Economy,51J
1450,월,KE2005,13:25,A321-neo,강서윤,Economy,54H
1451,월,KE2005,13:25,A321-neo,한지유,Economy,31D
1452,월,KE2005,13:25,A321-neo,정하윤,Economy,20E
1453,월,KE2005,13:25,A321-neo,이민서,Economy,28K
1454,월,KE2005,13:25,A321-neo,권예준,Economy,36J
1455,월,KE2005,13:25,A321-neo,오예준,Economy,29A
1456,월,KE2005,13:25,A321-neo,강지유,Economy,41D
1457,월,KE2005,13:25,A321-neo,최민준,Economy,35D
1458,월,KE2005,13:25,A321-neo,강민준,Economy,48E
1459,월,KE2005,13:25,A321-neo,김현우,Economy,50D
1460,월,KE2005,13:25,A321-neo,신수아,Economy,33B
1461,월,KE2005,13:25,A321-neo,강유준,Economy,49C
1462,월,KE2005,13:25,A321-neo,안도윤,Economy,32B
1463,월,KE2005,13:25,A321-neo,박지훈,Economy,34C
1464,월,KE2005,13:25,A321-neo,황수아,Economy,28H
1465,월,KE2005,13:25,A321-neo,임도윤,Economy,37J
1466,월,KE2005,13:25,A321-neo,안서윤,Economy,48C
1467,월,KE2005,13:25,A321-neo,한서연,Economy,31E
1468,월,KE2005,13:25,A321-neo,이윤우,Economy,44A
1469,월,KE2005,13:25,A321-neo,황지유,Economy,43D
1470,월,KE2005,13:25,A321-neo,정서윤,Economy,23A
1471,월,KE2005,13:25,A321-neo,황민서,Economy,46E
1472,월,KE2005,13:25,A321-neo,이서윤,Economy,27B
1473,월,KE2005,13:25,A321-neo,조윤우,Economy,29D
1474,월,KE2005,13:25,A321-neo,정지유,Economy,38A
1475,월,KE2005,13:25,A321-neo,오수아,Economy,48D
1476,월,KE2005,13:25,A321-neo,서도윤,Economy,31B
1477,월,KE2005,13:25,A321-neo,오민준,Economy,47K
1478,월,KE2005,13:25,A321-neo,임유준,Economy,52J
1479,월,KE2005,13:25,A321-neo,장예준,Economy,45C
1480,월,KE2005,13:25,A321-neo,박수아,Economy,49E
1481,월,KE2005,13:25,A321-neo,최지훈,Economy,37K
1482,월,KE2005,13:25,A321-neo,김서연,Economy,32C
1483,월,KE2005,13:25,A321-neo,이도윤,Economy,26D
1484,월,KE2005,13:25,A321-neo,권지유,Economy,53D
1485,월,KE2005,13:25,A321-neo,박지유,Economy,45H
1486,월,KE2005,13:25,A321-neo,임예준,Economy,27A
1487,월,KE2005,13:25,A321-neo,임현우,Economy,50A
1488,월,KE2005,13:25,A321-neo,박지우,Economy,21D
1489,월,KE2005,13:25,A321-neo,이현우,Economy,21J
1490,월,KE2005,13:25,A321-neo,안지유,Economy,32K
1491,월,KE2005,13:25,A321-neo,박민준,Economy,36H
1492,월,KE2005,13:25,A321-neo,조현우,Economy,51K
1493,월,KE2005,13:25,A321-neo,김윤우,Economy,27J
1494,월,KE2005,13:25,A321-neo,최예준,Economy,49A
1495,월,KE2005,13:25,A321-neo,조수아,Economy,24A
1496,월,KE2005,13:25,A321-neo,박민준,Economy,25K
1497,월,KE2005,13:25,A321-neo,최서연,Economy,29B
1498,월,KE2005,13:25,A321-neo,한채원,Economy,21A
1499,월,KE2005,13:25,A321-neo,조수아,Economy,28B
1500,월,KE2005,13:25,A321-neo,신지훈,Economy,21C
1501,월,KE2011,19:45,A350-900,조민준,Prestige,9B
1502,월,KE2011,19:45,A350-900,조지우,Prestige,12H
1503,월,KE2011,19:45,A350-900,황지훈,Prestige,9C
1504,월,KE2011,19:45,A350-900,신서연,Prestige,13B
1505,월,KE2011,19:45,A350-900,임수아,Prestige,13H
1506,월,KE2011,19:45,A350-900,장예준,Prestige,12K
1507,월,KE2011,19:45,A350-900,한지유,Prestige,8H
1508,월,KE2011,19:45,A350-900,김서윤,Prestige,9A
1509,월,KE2011,19:45,A350-900,임지유,Prestige,7C
1510,월,KE2011,19:45,A350-900,서도윤,Prestige,11A
1511,월,KE2011,19:45,A350-900,오윤우,Prestige,11K
1512,월,KE2011,19:45,A350-900,권서윤,Prestige,10J
1513,월,KE2011,19:45,A350-900,장서연,Prestige,12C
1514,월,KE2011,19:45,A350-900,한서윤,Prestige,11B
1515,월,KE2011,19:45,A350-900,오서윤,Prestige,8E
1516,월,KE2011,19:45,A350-900,신서연,Prestige,10C
1517,월,KE2011,19:45,A350-900,황하윤,Prestige,10A
1518,월,KE2011,19:45,A350-900,장서윤,Prestige,13C
1519,월,KE2011,19:45,A350-900,최지훈,Prestige,8J
1520,월,KE2011,19:45,A350-900,황민서,Prestige,7J
1521,월,KE2011,19:45,A350-900,안준우,Prestige,13A
1522,월,KE2011,19:45,A350-900,서하윤,Prestige,8A
1523,월,KE2011,19:45,A350-900,박윤우,Prestige,8C
1524,월,KE2011,19:45,A350-900,이서윤,Prestige,13D
1525,월,KE2011,19:45,A350-900,황예준,Prestige,14B
1526,월,KE2011,19:45,A350-900,안지유,Prestige,9D
1527,월,KE2011,19:45,A350-900,임서연,Prestige,11D
1528,월,KE2011,19:45,A350-900,이윤우,Economy,53J
1529,월,KE2011,19:45,A350-900,서유준,Economy,39C
1530,월,KE2011,19:45,A350-900,윤서연,Economy,46K
1531,월,KE2011,19:45,A350-900,오유준,Economy,48B
1532,월,KE2011,19:45,A350-900,이현우,Economy,48E
1533,월,KE2011,19:45,A350-900,장유준,Economy,24D
1534,월,KE2011,19:45,A350-900,이민준,Economy,50C
1535,월,KE2011,19:45,A350-900,이지우,Economy,49H
1536,월,KE2011,19:45,A350-900,강민준,Economy,27B
1537,월,KE2011,19:45,A350-900,신유준,Economy,31H
1538,월,KE2011,19:45,A350-900,김하윤,Economy,49K
1539,월,KE2011,19:45,A350-900,권현우,Economy,29C
1540,월,KE2011,19:45,A350-900,장도윤,Economy,20C
1541,월,KE2011,19:45,A350-900,한도윤,Economy,32K
1542,월,KE2011,19:45,A350-900,정민준,Economy,26H
1543,월,KE2011,19:45,A350-900,임지우,Economy,50H
1544,월,KE2011,19:45,A350-900,이서윤,Economy,41C
1545,월,KE2011,19:45,A350-900,한도윤,Economy,43A
1546,월,KE2011,19:45,A350-900,한수아,Economy,26K
1547,월,KE2011,19:45,A350-900,이윤우,Economy,47B
1548,월,KE2011,19:45,A350-900,오하윤,Economy,41E
1549,월,KE2011,19:45,A350-900,신지훈,Economy,41K
1550,월,KE2011,19:45,A350-900,윤지우,Economy,42C
1551,월,KE2011,19:45,A350-900,김도윤,Economy,49D
1552,월,KE2011,19:45,A350-900,신서윤,Economy,41A
1553,월,KE2011,19:45,A350-900,정지훈,Economy,21E
1554,월,KE2011,19:45,A350-900,조하윤,Economy,29B
1555,월,KE2011,19:45,A350-900,안준우,Economy,22H
1556,월,KE2011,19:45,A350-900,한민서,Economy,37K
1557,월,KE2011,19:45,A350-900,정예준,Economy,51J
1558,월,KE2011,19:45,A350-900,안현우,Economy,38A
1559,월,KE2011,19:45,A350-900,황지훈,Economy,47J
1560,월,KE2011,19:45,A350-900,박민준,Economy,29J
1561,월,KE2011,19:45,A350-900,안민준,Economy,22J
1562,월,KE2011,19:45,A350-900,신하윤,Economy,31C
1563,월,KE2011,19:45,A350-900,조지유,Economy,28E
1564,월,KE2011,19:45,A350-900,오윤우,Economy,27E
1565,월,KE2011,19:45,A350-900,신현우,Economy,20J
1566,월,KE2011,19:45,A350-900,권지훈,Economy,26A
1567,월,KE2011,19:45,A350-900,임민준,Economy,22A
1568,월,KE2011,19:45,A350-900,윤하윤,Economy,20E
1569,월,KE2011,19:45,A350-900,장도윤,Economy,39J
1570,월,KE2011,19:45,A350-900,이예준,Economy,49A
1571,월,KE2011,19:45,A350-900,박준우,Economy,48J
1572,월,KE2011,19:45,A350-900,정현우,Economy,46C
1573,월,KE2011,19:45,A350-900,권서윤,Economy,36J
1574,월,KE2011,19:45,A350-900,이서윤,Economy,24B
1575,월,KE2011,19:45,A350-900,이현우,Economy,34E
1576,월,KE2011,19:45,A350-900,조지훈,Economy,49C
1577,월,KE2011,19:45,A350-900,김윤우,Economy,54J
1578,월,KE2011,19:45,A350-900,윤민서,Economy,50A
1579,월,KE2011,19:45,A350-900,이민서,Economy,31D
1580,월,KE2011,19:45,A350-900,이수아,Economy,28D
1581,월,KE2011,19:45,A350-900,최윤우,Economy,23E
1582,월,KE2011,19:45,A350-900,황서연,Economy,34H
1583,월,KE2011,19:45,A350-900,윤준우,Economy,36K
1584,월,KE2011,19:45,A350-900,오현우,Economy,40K
1585,월,KE2011,19:45,A350-900,강채원,Economy,52E
1586,월,KE2011,19:45,A350-900,한예준,Economy,21K
1587,월,KE2011,19:45,A350-900,신준우,Economy,35C
1588,월,KE2011,19:45,A350-900,임현우,Economy,24J
1589,월,KE2011,19:45,A350-900,오윤우,Economy,20B
1590,월,KE2011,19:45,A350-900,이서연,Economy,52J
1591,월,KE2011,19:45,A350-900,권서윤,Economy,39D
1592,월,KE2011,19:45,A350-900,서윤우,Economy,52A
1593,월,KE2011,19:45,A350-900,서서윤,Economy,53K
1594,월,KE2011,19:45,A350-900,황민준,Economy,38D
1595,월,KE2011,19:45,A350-900,오예준,Economy,47A
1596,월,KE2011,19:45,A350-900,장지우,Economy,41B
1597,월,KE2011,19:45,A350-900,한하윤,Economy,40H
1598,월,KE2011,19:45,A350-900,권민준,Economy,51E
1599,월,KE2011,19:45,A350-900,한하윤,Economy,49B
1600,월,KE2011,19:45,A350-900,황서연,Economy,27D
1601,월,KE2011,19:45,A350-900,황현우,Economy,51K
1602,월,KE2011,19:45,A350-900,박민서,Economy,29D
1603,월,KE2011,19:45,A350-900,한지훈,Economy,42J
1604,월,KE2011,19:45,A350-900,조서연,Economy,44B
1605,월,KE2011,19:45,A350-900,신채원,Economy,20D
1606,월,KE2011,19:45,A350-900,강유준,Economy,49E
1607,월,KE2011,19:45,A350-900,신수아,Economy,22D
1608,월,KE2011,19:45,A350-900,윤유준,Economy,30B
1609,월,KE2011,19:45,A350-900,최준우,Economy,39A
1610,월,KE2011,19:45,A350-900,한서연,Economy,52K
1611,월,KE2011,19:45,A350-900,정유준,Economy,27C
1612,월,KE2011,19:45,A350-900,정지유,Economy,28A
1613,월,KE2011,19:45,A350-900,임윤우,Economy,37E
1614,월,KE2011,19:45,A350-900,이서윤,Economy,24A
1615,월,KE2011,19:45,A350-900,임유준,Economy,34C
1616,월,KE2011,19:45,A350-900,정하윤,Economy,35A
1617,월,KE2011,19:45,A350-900,안윤우,Economy,23A
1618,월,KE2011,19:45,A350-900,한하윤,Economy,23H
1619,월,KE2011,19:45,A350-900,오민준,Economy,37D
1620,월,KE2011,19:45,A350-900,윤지우,Economy,31E
1621,월,KE2011,19:45,A350-900,김민준,Economy,34B
1622,월,KE2011,19:45,A350-900,임하윤,Economy,30D
1623,월,KE2011,19:45,A350-900,임민준,Economy,45A
1624,월,KE2011,19:45,A350-900,장하윤,Economy,26E
1625,월,KE2011,19:45,A350-900,임준우,Economy,29K
1626,월,KE2011,19:45,A350-900,신지훈,Economy,30H
1627,월,KE2011,19:45,A350-900,최민준,Economy,48K
1628,월,KE2011,19:45,A350-900,신유준,Economy,52H
1629,월,KE2011,19:45,A350-900,김지유,Economy,37H
1630,월,KE2011,19:45,A350-900,강하윤,Economy,44E
1631,월,KE2011,19:45,A350-900,한현우,Economy,54C
1632,월,KE2011,19:45,A350-900,안지유,Economy,42D
1633,월,KE2011,19:45,A350-900,안지유,Economy,46D
1634,월,KE2011,19:45,A350-900,임수아,Economy,33D
1635,월,KE2011,19:45,A350-900,이민서,Economy,30A
1636,월,KE2011,19:45,A350-900,박수아,Economy,33K
1637,월,KE2011,19:45,A350-900,오민서,Economy,32A
1638,월,KE2011,19:45,A350-900,이준우,Economy,30C
1639,월,KE2011,19:45,A350-900,정지우,Economy,25C
1640,월,KE2011,19:45,A350-900,오준우,Economy,44H
1641,월,KE2011,19:45,A350-900,오서윤,Economy,54D
1642,월,KE2011,19:45,A350-900,안민서,Economy,49J
1643,월,KE2011,19:45,A350-900,조준우,Economy,30K
1644,월,KE2011,19:45,A350-900,이민서,Economy,25D
1645,월,KE2011,19:45,A350-900,권수아,Economy,36B
1646,월,KE2011,19:45,A350-900,한예준,Economy,52D
1647,월,KE2011,19:45,A350-900,임지우,Economy,36C
1648,월,KE2011,19:45,A350-900,최윤우,Economy,27H
1649,월,KE2011,19:45,A350-900,정수아,Economy,25A
1650,월,KE2011,19:45,A350-900,윤지우,Economy,39B
1651,월,KE2011,19:45,A350-900,윤현우,Economy,28B
1652,월,KE2011,19:45,A350-900,권현우,Economy,34K
1653,월,KE2011,19:45,A350-900,장서연,Economy,38H
1654,월,KE2011,19:45,A350-900,박지훈,Economy,25K
1655,월,KE2011,19:45,A350-900,조서윤,Economy,42E
1656,월,KE2011,19:45,A350-900,최예준,Economy,43C
1657,월,KE2011,19:45,A350-900,황채원,Economy,29E
1658,월,KE2011,19:45,A350-900,강지우,Economy,21D
1659,월,KE2011,19:45,A350-900,최민서,Economy,51B
1660,월,KE2011,19:45,A350-900,안하윤,Economy,37A
1661,월,KE2011,19:45,A350-900,이민서,Economy,36H
1662,월,KE2011,19:45,A350-900,서현우,Economy,48A
1663,월,KE2011,19:45,A350-900,정지훈,Economy,45C
1664,월,KE2011,19:45,A350-900,조현우,Economy,54K
1665,월,KE2011,19:45,A350-900,정서윤,Economy,44D
1666,월,KE2011,19:45,A350-900,권채원,Economy,29H
1667,월,KE2011,19:45,A350-900,최민서,Economy,32C
1668,월,KE2011,19:45,A350-900,황준우,Economy,33J
1669,월,KE2011,19:45,A350-900,윤민준,Economy,33C
1670,월,KE2011,19:45,A350-900,윤서윤,Economy,43B
1671,월,KE2011,19:45,A350-900,윤서연,Economy,53B
1672,월,KE2011,19:45,A350-900,안준우,Economy,47D
1673,월,KE2011,19:45,A350-900,오서연,Economy,48C
1674,월,KE2011,19:45,A350-900,이지우,Economy,43K
1675,월,KE2011,19:45,A350-900,장예준,Economy,35E
1676,월,KE2011,19:45,A350-900,박서윤,Economy,24K
1677,월,KE2011,19:45,A350-900,임채원,Economy,28H
1678,월,KE2011,19:45,A350-900,오예준,Economy,30E
1679,월,KE2011,19:45,A350-900,이유준,Economy,21A
1680,월,KE2011,19:45,A350-900,권채원,Economy,45D
1681,월,KE2011,19:45,A350-900,서유준,Economy,47C
1682,월,KE2011,19:45,A350-900,오도윤,Economy,36D
1683,월,KE2011,19:45,A350-900,박민준,Economy,35D
1684,월,KE2011,19:45,A350-900,권윤우,Economy,45B
1685,월,KE2011,19:45,A350-900,황지유,Economy,47E
1686,월,KE2011,19:45,A350-900,임도윤,Economy,50K
1687,월,KE2011,19:45,A350-900,오윤우,Economy,32B
1688,월,KE2011,19:45,A350-900,강채원,Economy,46A
1689,월,KE2011,19:45,A350-900,최민준,Economy,26B
1690,월,KE2011,19:45,A350-900,임서연,Economy,42K
1691,월,KE2011,19:45,A350-900,오서연,Economy,37B
1692,월,KE2011,19:45,A350-900,정지우,Economy,52C
1693,월,KE2011,19:45,A350-900,이준우,Economy,36E
1694,월,KE2011,19:45,A350-900,서윤우,Economy,42B
1695,월,KE2011,19:45,A350-900,장준우,Economy,24H
1696,월,KE2011,19:45,A350-900,김서윤,Economy,21C
1697,월,KE2011,19:45,A350-900,박수아,Economy,51H
1698,월,KE2011,19:45,A350-900,신하윤,Economy,43D
1699,월,KE2011,19:45,A350-900,안현우,Economy,35H
1700,월,KE2011,19:45,A350-900,신민서,Economy,51C
1701,월,KE2011,19:45,A350-900,서채원,Economy,33E
1702,월,KE2011,19:45,A350-900,박채원,Economy,32H
1703,월,KE2011,19:45,A350-900,권민준,Economy,37J
1704,월,KE2011,19:45,A350-900,최윤우,Economy,34J
1705,월,KE2011,19:45,A350-900,정유준,Economy,31K
1706,월,KE2011,19:45,A350-900,한하윤,Economy,53E
1707,월,KE2011,19:45,A350-900,조도윤,Economy,39H
1708,월,KE2011,19:45,A350-900,권민준,Economy,20A
1709,월,KE2011,19:45,A350-900,임지우,Economy,53A
1710,월,KE2011,19:45,A350-900,신현우,Economy,44K
1711,월,KE2011,19:45,A350-900,장유준,Economy,28K
1712,월,KE2011,19:45,A350-900,안서연,Economy,46E
1713,월,KE2011,19:45,A350-900,정지우,Economy,32J
1714,월,KE2011,19:45,A350-900,권예준,Economy,53H
1715,월,KE2011,19:45,A350-900,최예준,Economy,42H
1716,월,KE2011,19:45,A350-900,김유준,Economy,22C
1717,월,KE2011,19:45,A350-900,정민준,Economy,47K
1718,월,KE2011,19:45,A350-900,신지훈,Economy,40C
1719,월,KE2011,19:45,A350-900,서서연,Economy,53D
1720,월,KE2011,19:45,A350-900,신준우,Economy,38K
1721,월,KE2011,19:45,A350-900,임지우,Economy,38B
1722,월,KE2011,19:45,A350-900,오지유,Economy,41J
1723,월,KE2011,19:45,A350-900,김도윤,Economy,39E
1724,월,KE2011,19:45,A350-900,장지유,Economy,46H
1725,월,KE2011,19:45,A350-900,조준우,Economy,20H
1726,월,KE2011,19:45,A350-900,최민준,Economy,31A
1727,월,KE2011,19:45,A350-900,서하윤,Economy,24E
1728,월,KE2011,19:45,A350-900,이윤우,Economy,23B
1729,월,KE2011,19:45,A350-900,권서윤,Economy,46B
1730,월,KE2011,19:45,A350-900,황준우,Economy,40A
1731,월,KE2011,19:45,A350-900,황서윤,Economy,35J
1732,월,KE2011,19:45,A350-900,장서연,Economy,25J
1733,월,KE2011,19:45,A350-900,윤수아,Economy,35B
1734,월,KE2011,19:45,A350-900,이도윤,Economy,47H
1735,월,KE2011,19:45,A350-900,황유준,Economy,41H
1736,월,KE2011,19:45,A350-900,강채원,Economy,45J
1737,월,KE2011,19:45,A350-900,김하윤,Economy,50D
1738,월,KE2011,19:45,A350-900,박지우,Economy,36A
1739,월,KE2011,19:45,A350-900,장현우,Economy,48D
1740,월,KE2011,19:45,A350-900,강준우,Economy,24C
1741,월,KE2011,19:45,A350-900,조윤우,Economy,37C
1742,월,KE2011,19:45,A350-900,서하윤,Economy,23K
1743,월,KE2011,19:45,A350-900,한채원,Economy,31J
1744,월,KE2011,19:45,A350-900,박서윤,Economy,53C
1745,월,KE2011,19:45,A350-900,한준우,Economy,38J
1746,월,KE2011,19:45,A350-900,신민서,Economy,21J
1747,월,KE2011,19:45,A350-900,황유준,Economy,50E
1748,월,KE2011,19:45,A350-900,장준우,Economy,42A
1749,월,KE2011,19:45,A350-900,권준우,Economy,50J
1750,월,KE2011,19:45,A350-900,한준우,Economy,54E
1751,월,KE2011,19:45,A350-900,강민준,Economy,27A
1752,월,KE2011,19:45,A350-900,신예준,Economy,30J
1753,월,KE2011,19:45,A350-900,황민서,Economy,46J
1754,월,KE2011,19:45,A350-900,오서연,Economy,25B
1755,월,KE2011,19:45,A350-900,임민준,Economy,21H
1756,월,KE2011,19:45,A350-900,안준우,Economy,39K
1757,월,KE2011,19:45,A350-900,신민서,Economy,38C
1758,월,KE2011,19:45,A350-900,이준우,Economy,31B
1759,월,KE2011,19:45,A350-900,정도윤,Economy,38E
1765,화,KE2001,8:05,A330-300,서준우,Prestige,10A
1766,화,KE2001,8:05,A330-300,신유준,Prestige,12H
1767,화,KE2001,8:05,A330-300,김서윤,Prestige,7J
1768,화,KE2001,8:05,A330-300,권지유,Prestige,12D
1769,화,KE2001,8:05,A330-300,장현우,Prestige,11E
1770,화,KE2001,8:05,A330-300,한준우,Prestige,9E
1771,화,KE2001,8:05,A330-300,조서윤,Prestige,14J
1772,화,KE2001,8:05,A330-300,한서연,Prestige,9A
1773,화,KE2001,8:05,A330-300,정유준,Prestige,12C
1774,화,KE2001,8:05,A330-300,임채원,Prestige,7E
1775,화,KE2001,8:05,A330-300,서지훈,Prestige,11A
1776,화,KE2001,8:05,A330-300,최민준,Prestige,14D
1777,화,KE2001,8:05,A330-300,강지유,Prestige,13D
1778,화,KE2001,8:05,A330-300,오민서,Prestige,10C
1779,화,KE2001,8:05,A330-300,한지우,Prestige,14E
1780,화,KE2001,8:05,A330-300,최서윤,Prestige,13J
1781,화,KE2001,8:05,A330-300,조윤우,Prestige,10E
1782,화,KE2001,8:05,A330-300,최도윤,Prestige,13B
1783,화,KE2001,8:05,A330-300,신민준,Prestige,12A
1784,화,KE2001,8:05,A330-300,임윤우,Prestige,12B
1785,화,KE2001,8:05,A330-300,김지유,Prestige,13E
1786,화,KE2001,8:05,A330-300,정서윤,Prestige,7H
1787,화,KE2001,8:05,A330-300,윤서연,Prestige,13A
1788,화,KE2001,8:05,A330-300,강유준,Prestige,7A
1789,화,KE2001,8:05,A330-300,권수아,Prestige,13C
1790,화,KE2001,8:05,A330-300,조지훈,Prestige,12E
1791,화,KE2001,8:05,A330-300,오지우,Prestige,8E
1792,화,KE2001,8:05,A330-300,조서윤,Prestige,11J
1793,화,KE2001,8:05,A330-300,권준우,Prestige,8J
1794,화,KE2001,8:05,A330-300,서서윤,Economy,42D
1795,화,KE2001,8:05,A330-300,황서윤,Economy,30C
1796,화,KE2001,8:05,A330-300,신하윤,Economy,35J
1797,화,KE2001,8:05,A330-300,장지유,Economy,30A
1798,화,KE2001,8:05,A330-300,박지훈,Economy,30D
1799,화,KE2001,8:05,A330-300,이도윤,Economy,37A
1800,화,KE2001,8:05,A330-300,안유준,Economy,47C
1801,화,KE2001,8:05,A330-300,신지유,Economy,46B
1802,화,KE2001,8:05,A330-300,한윤우,Economy,20D
1803,화,KE2001,8:05,A330-300,최지우,Economy,45C
1804,화,KE2001,8:05,A330-300,임현우,Economy,36E
1805,화,KE2001,8:05,A330-300,윤서연,Economy,36C
1806,화,KE2001,8:05,A330-300,오윤우,Economy,40K
1807,화,KE2001,8:05,A330-300,황서윤,Economy,51E
1808,화,KE2001,8:05,A330-300,강하윤,Economy,46C
1809,화,KE2001,8:05,A330-300,윤지유,Economy,25C
1810,화,KE2001,8:05,A330-300,서현우,Economy,24C
1811,화,KE2001,8:05,A330-300,한수아,Economy,23D
1812,화,KE2001,8:05,A330-300,이윤우,Economy,51H
1813,화,KE2001,8:05,A330-300,정윤우,Economy,40J
1814,화,KE2001,8:05,A330-300,윤서윤,Economy,20J
1815,화,KE2001,8:05,A330-300,윤윤우,Economy,53K
1816,화,KE2001,8:05,A330-300,서서연,Economy,27E
1817,화,KE2001,8:05,A330-300,장지훈,Economy,54B
1818,화,KE2001,8:05,A330-300,최준우,Economy,32D
1819,화,KE2001,8:05,A330-300,장민준,Economy,22C
1820,화,KE2001,8:05,A330-300,강현우,Economy,26J
1821,화,KE2001,8:05,A330-300,강지훈,Economy,24D
1822,화,KE2001,8:05,A330-300,김예준,Economy,35K
1823,화,KE2001,8:05,A330-300,박하윤,Economy,45E
1824,화,KE2001,8:05,A330-300,최지유,Economy,44A
1825,화,KE2001,8:05,A330-300,조민서,Economy,46E
1826,화,KE2001,8:05,A330-300,정수아,Economy,47A
1827,화,KE2001,8:05,A330-300,장준우,Economy,41K
1828,화,KE2001,8:05,A330-300,오민준,Economy,32C
1829,화,KE2001,8:05,A330-300,강민서,Economy,30B
1830,화,KE2001,8:05,A330-300,신현우,Economy,52A
1831,화,KE2001,8:05,A330-300,이도윤,Economy,47J
1832,화,KE2001,8:05,A330-300,박채원,Economy,31A
1833,화,KE2001,8:05,A330-300,조민서,Economy,25J
1834,화,KE2001,8:05,A330-300,장민서,Economy,41B
1835,화,KE2001,8:05,A330-300,윤지우,Economy,23K
1836,화,KE2001,8:05,A330-300,권수아,Economy,36B
1837,화,KE2001,8:05,A330-300,한유준,Economy,45H
1838,화,KE2001,8:05,A330-300,황준우,Economy,31K
1839,화,KE2001,8:05,A330-300,최도윤,Economy,20H
1840,화,KE2001,8:05,A330-300,이지훈,Economy,53J
1841,화,KE2001,8:05,A330-300,한준우,Economy,28C
1842,화,KE2001,8:05,A330-300,이도윤,Economy,21D
1843,화,KE2001,8:05,A330-300,오민서,Economy,48B
1844,화,KE2001,8:05,A330-300,김서윤,Economy,20K
1845,화,KE2001,8:05,A330-300,임지유,Economy,41D
1846,화,KE2001,8:05,A330-300,오민준,Economy,46K
1847,화,KE2001,8:05,A330-300,임민준,Economy,26D
1848,화,KE2001,8:05,A330-300,한지유,Economy,48C
1849,화,KE2001,8:05,A330-300,강현우,Economy,46D
1850,화,KE2001,8:05,A330-300,신지훈,Economy,32E
1851,화,KE2001,8:05,A330-300,윤지유,Economy,35D
1852,화,KE2001,8:05,A330-300,강수아,Economy,38B
1853,화,KE2001,8:05,A330-300,신현우,Economy,30H
1854,화,KE2001,8:05,A330-300,황예준,Economy,25B
1855,화,KE2001,8:05,A330-300,장현우,Economy,54H
1856,화,KE2001,8:05,A330-300,조하윤,Economy,28J
1857,화,KE2001,8:05,A330-300,임민서,Economy,53E
1858,화,KE2001,8:05,A330-300,한도윤,Economy,33A
1859,화,KE2001,8:05,A330-300,윤민서,Economy,52D
1860,화,KE2001,8:05,A330-300,장수아,Economy,23H
1861,화,KE2001,8:05,A330-300,황수아,Economy,38H
1862,화,KE2001,8:05,A330-300,박하윤,Economy,32H
1863,화,KE2001,8:05,A330-300,황하윤,Economy,26K
1864,화,KE2001,8:05,A330-300,정지훈,Economy,39H
1865,화,KE2001,8:05,A330-300,강도윤,Economy,54E
1866,화,KE2001,8:05,A330-300,장민서,Economy,22H
1867,화,KE2001,8:05,A330-300,장수아,Economy,40D
1868,화,KE2001,8:05,A330-300,박지우,Economy,49C
1869,화,KE2001,8:05,A330-300,윤채원,Economy,34B
1870,화,KE2001,8:05,A330-300,신지훈,Economy,35E
1871,화,KE2001,8:05,A330-300,신윤우,Economy,25A
1872,화,KE2001,8:05,A330-300,서채원,Economy,48J
1873,화,KE2001,8:05,A330-300,오채원,Economy,53C
1874,화,KE2001,8:05,A330-300,서민서,Economy,22K
1875,화,KE2001,8:05,A330-300,임예준,Economy,45B
1876,화,KE2001,8:05,A330-300,조서윤,Economy,21B
1877,화,KE2001,8:05,A330-300,정지우,Economy,32B
1878,화,KE2001,8:05,A330-300,장서윤,Economy,23B
1879,화,KE2001,8:05,A330-300,임지훈,Economy,42A
1880,화,KE2001,8:05,A330-300,이민서,Economy,49J
1881,화,KE2001,8:05,A330-300,김서연,Economy,39C
1882,화,KE2001,8:05,A330-300,황윤우,Economy,38A
1883,화,KE2001,8:05,A330-300,이서연,Economy,31H
1884,화,KE2001,8:05,A330-300,안하윤,Economy,29K
1885,화,KE2001,8:05,A330-300,임윤우,Economy,22D
1886,화,KE2001,8:05,A330-300,장민준,Economy,33D
1887,화,KE2001,8:05,A330-300,오서윤,Economy,46J
1888,화,KE2001,8:05,A330-300,박유준,Economy,49K
1889,화,KE2001,8:05,A330-300,박도윤,Economy,54D
1890,화,KE2001,8:05,A330-300,최지유,Economy,21C
1891,화,KE2001,8:05,A330-300,조하윤,Economy,36K
1892,화,KE2001,8:05,A330-300,조지유,Economy,30J
1893,화,KE2001,8:05,A330-300,이지우,Economy,28A
1894,화,KE2001,8:05,A330-300,안서연,Economy,35A
1895,화,KE2001,8:05,A330-300,오민서,Economy,33J
1896,화,KE2001,8:05,A330-300,이준우,Economy,20A
1897,화,KE2001,8:05,A330-300,박민준,Economy,26H
1898,화,KE2001,8:05,A330-300,이지훈,Economy,50J
1899,화,KE2001,8:05,A330-300,최서윤,Economy,44C
1900,화,KE2001,8:05,A330-300,김지유,Economy,34A
1901,화,KE2001,8:05,A330-300,장수아,Economy,29C
1902,화,KE2001,8:05,A330-300,안유준,Economy,50B
1903,화,KE2001,8:05,A330-300,오민준,Economy,30E
1904,화,KE2001,8:05,A330-300,서지훈,Economy,43E
1905,화,KE2001,8:05,A330-300,윤수아,Economy,40E
1906,화,KE2001,8:05,A330-300,강하윤,Economy,52E
1907,화,KE2001,8:05,A330-300,장서윤,Economy,39K
1908,화,KE2001,8:05,A330-300,서도윤,Economy,50H
1909,화,KE2001,8:05,A330-300,안수아,Economy,23A
1910,화,KE2001,8:05,A330-300,정지우,Economy,31C
1911,화,KE2001,8:05,A330-300,조수아,Economy,29D
1912,화,KE2001,8:05,A330-300,김수아,Economy,53D
1913,화,KE2001,8:05,A330-300,장민서,Economy,20C
1914,화,KE2001,8:05,A330-300,장서윤,Economy,51D
1915,화,KE2001,8:05,A330-300,김수아,Economy,25D
1916,화,KE2001,8:05,A330-300,서채원,Economy,49B
1917,화,KE2001,8:05,A330-300,최서윤,Economy,25H
1918,화,KE2001,8:05,A330-300,안서윤,Economy,40H
1919,화,KE2001,8:05,A330-300,조지훈,Economy,44D
1920,화,KE2001,8:05,A330-300,임하윤,Economy,42C
1921,화,KE2001,8:05,A330-300,신수아,Economy,39A
1922,화,KE2001,8:05,A330-300,임지유,Economy,40A
1923,화,KE2001,8:05,A330-300,오서윤,Economy,41E
1924,화,KE2001,8:05,A330-300,강채원,Economy,52C
1925,화,KE2001,8:05,A330-300,신민서,Economy,53B
1926,화,KE2001,8:05,A330-300,장예준,Economy,51K
1927,화,KE2001,8:05,A330-300,권지우,Economy,45J
1928,화,KE2001,8:05,A330-300,강지훈,Economy,47E
1929,화,KE2001,8:05,A330-300,윤민준,Economy,22J
1930,화,KE2001,8:05,A330-300,박지훈,Economy,52H
1931,화,KE2001,8:05,A330-300,김도윤,Economy,35H
1932,화,KE2001,8:05,A330-300,신민준,Economy,38J
1933,화,KE2001,8:05,A330-300,한윤우,Economy,47B
1934,화,KE2001,8:05,A330-300,정서윤,Economy,44E
1935,화,KE2001,8:05,A330-300,이채원,Economy,37J
1936,화,KE2001,8:05,A330-300,이현우,Economy,25E
1937,화,KE2001,8:05,A330-300,윤지유,Economy,45A
1938,화,KE2001,8:05,A330-300,정채원,Economy,54J
1939,화,KE2001,8:05,A330-300,정도윤,Economy,37K
1940,화,KE2001,8:05,A330-300,윤윤우,Economy,47D
1941,화,KE2001,8:05,A330-300,황지우,Economy,51B
1942,화,KE2001,8:05,A330-300,임현우,Economy,38K
1943,화,KE2005,13:25,A321-neo,이서윤,Prestige,8E
1944,화,KE2005,13:25,A321-neo,박도윤,Prestige,13K
1945,화,KE2005,13:25,A321-neo,장유준,Prestige,11D
1946,화,KE2005,13:25,A321-neo,오현우,Prestige,11A
1947,화,KE2005,13:25,A321-neo,황하윤,Prestige,7B
1948,화,KE2005,13:25,A321-neo,신윤우,Prestige,11J
1949,화,KE2005,13:25,A321-neo,김하윤,Prestige,11K
1950,화,KE2005,13:25,A321-neo,오유준,Prestige,13C
1951,화,KE2005,13:25,A321-neo,권예준,Prestige,13E
1952,화,KE2005,13:25,A321-neo,박채원,Prestige,10H
1953,화,KE2005,13:25,A321-neo,이수아,Prestige,14H
1954,화,KE2005,13:25,A321-neo,김서윤,Prestige,9K
1955,화,KE2005,13:25,A321-neo,최지우,Prestige,13D
1956,화,KE2005,13:25,A321-neo,신민서,Prestige,12D
1957,화,KE2005,13:25,A321-neo,조수아,Prestige,10B
1958,화,KE2005,13:25,A321-neo,안민준,Prestige,8H
1959,화,KE2005,13:25,A321-neo,신예준,Prestige,13A
1960,화,KE2005,13:25,A321-neo,정유준,Prestige,12C
1961,화,KE2005,13:25,A321-neo,윤서윤,Prestige,7K
1962,화,KE2005,13:25,A321-neo,박지훈,Prestige,14K
1963,화,KE2005,13:25,A321-neo,장지유,Prestige,8K
1964,화,KE2005,13:25,A321-neo,서민서,Economy,53K
1965,화,KE2005,13:25,A321-neo,조지훈,Economy,26D
1966,화,KE2005,13:25,A321-neo,윤민준,Economy,31C
1967,화,KE2005,13:25,A321-neo,이유준,Economy,21K
1968,화,KE2005,13:25,A321-neo,서도윤,Economy,27E
1969,화,KE2005,13:25,A321-neo,최현우,Economy,53E
1970,화,KE2005,13:25,A321-neo,김지유,Economy,20E
1971,화,KE2005,13:25,A321-neo,장민서,Economy,44J
1972,화,KE2005,13:25,A321-neo,임채원,Economy,25B
1973,화,KE2005,13:25,A321-neo,강지우,Economy,24B
1974,화,KE2005,13:25,A321-neo,윤채원,Economy,34D
1975,화,KE2005,13:25,A321-neo,강유준,Economy,26A
1976,화,KE2005,13:25,A321-neo,박수아,Economy,52J
1977,화,KE2005,13:25,A321-neo,이현우,Economy,53D
1978,화,KE2005,13:25,A321-neo,신수아,Economy,50J
1979,화,KE2005,13:25,A321-neo,장예준,Economy,51C
1980,화,KE2005,13:25,A321-neo,권수아,Economy,32B
1981,화,KE2005,13:25,A321-neo,박현우,Economy,45C
1982,화,KE2005,13:25,A321-neo,윤지우,Economy,31J
1983,화,KE2005,13:25,A321-neo,최민서,Economy,21E
1984,화,KE2005,13:25,A321-neo,권지훈,Economy,32H
1985,화,KE2005,13:25,A321-neo,안예준,Economy,37D
1986,화,KE2005,13:25,A321-neo,한현우,Economy,29C
1987,화,KE2005,13:25,A321-neo,서지우,Economy,49D
1988,화,KE2005,13:25,A321-neo,임도윤,Economy,32J
1989,화,KE2005,13:25,A321-neo,한준우,Economy,23J
1990,화,KE2005,13:25,A321-neo,정도윤,Economy,47D
1991,화,KE2005,13:25,A321-neo,정수아,Economy,28C
1992,화,KE2005,13:25,A321-neo,권수아,Economy,30J
1993,화,KE2005,13:25,A321-neo,안지훈,Economy,36D
1994,화,KE2005,13:25,A321-neo,강수아,Economy,45E
1995,화,KE2005,13:25,A321-neo,오하윤,Economy,41A
1996,화,KE2005,13:25,A321-neo,윤도윤,Economy,25H
1997,화,KE2005,13:25,A321-neo,정민서,Economy,47H
1998,화,KE2005,13:25,A321-neo,김민서,Economy,44H
1999,화,KE2005,13:25,A321-neo,임민준,Economy,54C
2000,화,KE2005,13:25,A321-neo,안현우,Economy,53A
2001,화,KE2005,13:25,A321-neo,이지우,Economy,43H
2002,화,KE2005,13:25,A321-neo,장예준,Economy,51K
2003,화,KE2005,13:25,A321-neo,박도윤,Economy,38E
2004,화,KE2005,13:25,A321-neo,윤지유,Economy,48K
2005,화,KE2005,13:25,A321-neo,권민준,Economy,21D
2006,화,KE2005,13:25,A321-neo,권지우,Economy,46B
2007,화,KE2005,13:25,A321-neo,한지유,Economy,33H
2008,화,KE2005,13:25,A321-neo,정서연,Economy,45H
2009,화,KE2005,13:25,A321-neo,한유준,Economy,37C
2010,화,KE2005,13:25,A321-neo,한채원,Economy,22H
2011,화,KE2005,13:25,A321-neo,윤수아,Economy,46E
2012,화,KE2005,13:25,A321-neo,윤채원,Economy,42C
2013,화,KE2005,13:25,A321-neo,강하윤,Economy,33A
2014,화,KE2005,13:25,A321-neo,신지유,Economy,40J
2015,화,KE2005,13:25,A321-neo,안예준,Economy,21C
2016,화,KE2005,13:25,A321-neo,박예준,Economy,27H
2017,화,KE2005,13:25,A321-neo,윤예준,Economy,23K
2018,화,KE2005,13:25,A321-neo,윤윤우,Economy,27C
2019,화,KE2005,13:25,A321-neo,윤예준,Economy,53B
2020,화,KE2005,13:25,A321-neo,서민준,Economy,40H
2021,화,KE2005,13:25,A321-neo,박유준,Economy,34C
2022,화,KE2005,13:25,A321-neo,안민서,Economy,49K
2023,화,KE2005,13:25,A321-neo,김준우,Economy,48B
2024,화,KE2005,13:25,A321-neo,장민서,Economy,36H
2025,화,KE2005,13:25,A321-neo,최서연,Economy,51E
2026,화,KE2005,13:25,A321-neo,임수아,Economy,23C
2027,화,KE2005,13:25,A321-neo,황준우,Economy,35A
2028,화,KE2005,13:25,A321-neo,최지유,Economy,26K
2029,화,KE2005,13:25,A321-neo,최지훈,Economy,50H
2030,화,KE2005,13:25,A321-neo,권서연,Economy,51J
2031,화,KE2005,13:25,A321-neo,황채원,Economy,49A
2032,화,KE2005,13:25,A321-neo,신서연,Economy,24C
2033,화,KE2005,13:25,A321-neo,박유준,Economy,48E
2034,화,KE2005,13:25,A321-neo,신서연,Economy,25C
2035,화,KE2005,13:25,A321-neo,황서윤,Economy,26C
2036,화,KE2005,13:25,A321-neo,한도윤,Economy,20H
2037,화,KE2005,13:25,A321-neo,권민준,Economy,42D
2038,화,KE2005,13:25,A321-neo,조수아,Economy,54E
2039,화,KE2005,13:25,A321-neo,김수아,Economy,34E
2040,화,KE2005,13:25,A321-neo,임채원,Economy,45B
2041,화,KE2005,13:25,A321-neo,박지유,Economy,45K
2042,화,KE2005,13:25,A321-neo,김채원,Economy,36E
2043,화,KE2005,13:25,A321-neo,강현우,Economy,30B
2044,화,KE2005,13:25,A321-neo,임준우,Economy,26H
2045,화,KE2005,13:25,A321-neo,최채원,Economy,52B
2046,화,KE2005,13:25,A321-neo,황예준,Economy,49E
2047,화,KE2005,13:25,A321-neo,장민준,Economy,35J
2048,화,KE2005,13:25,A321-neo,황하윤,Economy,36J
2049,화,KE2005,13:25,A321-neo,오윤우,Economy,39E
2050,화,KE2005,13:25,A321-neo,강유준,Economy,40D
2051,화,KE2005,13:25,A321-neo,이현우,Economy,52H
2052,화,KE2005,13:25,A321-neo,김현우,Economy,34A
2053,화,KE2005,13:25,A321-neo,조채원,Economy,43D
2054,화,KE2005,13:25,A321-neo,신민준,Economy,21H
2055,화,KE2005,13:25,A321-neo,권서연,Economy,29A
2056,화,KE2005,13:25,A321-neo,이유준,Economy,30A
2057,화,KE2005,13:25,A321-neo,신채원,Economy,52C
2058,화,KE2005,13:25,A321-neo,조유준,Economy,53H
2059,화,KE2005,13:25,A321-neo,황현우,Economy,36B
2060,화,KE2005,13:25,A321-neo,권수아,Economy,46C
2061,화,KE2005,13:25,A321-neo,서예준,Economy,27A
2062,화,KE2005,13:25,A321-neo,이민준,Economy,27B
2063,화,KE2005,13:25,A321-neo,황지유,Economy,54H
2064,화,KE2005,13:25,A321-neo,정도윤,Economy,23D
2065,화,KE2005,13:25,A321-neo,강하윤,Economy,41D
2066,화,KE2005,13:25,A321-neo,박하윤,Economy,49B
2067,화,KE2005,13:25,A321-neo,권채원,Economy,31H
2068,화,KE2005,13:25,A321-neo,한준우,Economy,25J
2069,화,KE2005,13:25,A321-neo,서민서,Economy,41K
2070,화,KE2005,13:25,A321-neo,이현우,Economy,40A
2071,화,KE2005,13:25,A321-neo,이예준,Economy,29B
2072,화,KE2005,13:25,A321-neo,임윤우,Economy,48D
2073,화,KE2005,13:25,A321-neo,조현우,Economy,27D
2074,화,KE2005,13:25,A321-neo,권지유,Economy,33K
2075,화,KE2005,13:25,A321-neo,이유준,Economy,49H
2076,화,KE2005,13:25,A321-neo,이서윤,Economy,46K
2077,화,KE2005,13:25,A321-neo,이채원,Economy,32A
2078,화,KE2005,13:25,A321-neo,서지우,Economy,45D
2079,화,KE2005,13:25,A321-neo,박민서,Economy,50B
2080,화,KE2005,13:25,A321-neo,권민서,Economy,38H
2081,화,KE2005,13:25,A321-neo,안윤우,Economy,32K
2082,화,KE2005,13:25,A321-neo,김현우,Economy,39J
2083,화,KE2005,13:25,A321-neo,김하윤,Economy,28K
2084,화,KE2005,13:25,A321-neo,강현우,Economy,46H
2085,화,KE2005,13:25,A321-neo,이현우,Economy,27J
2086,화,KE2005,13:25,A321-neo,오민준,Economy,52A
2087,화,KE2005,13:25,A321-neo,김지유,Economy,43E
2088,화,KE2005,13:25,A321-neo,김수아,Economy,39C
2089,화,KE2005,13:25,A321-neo,강윤우,Economy,30E
2090,화,KE2005,13:25,A321-neo,조민서,Economy,35H
2091,화,KE2005,13:25,A321-neo,한지유,Economy,28B
2092,화,KE2005,13:25,A321-neo,조도윤,Economy,54J
2093,화,KE2005,13:25,A321-neo,강지우,Economy,23H
2094,화,KE2005,13:25,A321-neo,한유준,Economy,35B
2095,화,KE2005,13:25,A321-neo,박서연,Economy,20A
2096,화,KE2005,13:25,A321-neo,오지우,Economy,34K
2097,화,KE2005,13:25,A321-neo,서민서,Economy,33D
2098,화,KE2005,13:25,A321-neo,최서윤,Economy,42K
2099,화,KE2005,13:25,A321-neo,강지훈,Economy,22A
2100,화,KE2005,13:25,A321-neo,서민준,Economy,46J
2101,화,KE2005,13:25,A321-neo,서서연,Economy,53C
2102,화,KE2005,13:25,A321-neo,정서연,Economy,28H
2103,화,KE2005,13:25,A321-neo,서민서,Economy,42A
2104,화,KE2005,13:25,A321-neo,정서연,Economy,20K
2105,화,KE2005,13:25,A321-neo,오수아,Economy,50D
2106,화,KE2005,13:25,A321-neo,조민준,Economy,47B
2107,화,KE2005,13:25,A321-neo,윤지유,Economy,54B
2108,화,KE2005,13:25,A321-neo,서유준,Economy,50E
2109,화,KE2005,13:25,A321-neo,윤민서,Economy,54A
2110,화,KE2005,13:25,A321-neo,신서연,Economy,41C
2111,화,KE2005,13:25,A321-neo,서서윤,Economy,26J
2112,화,KE2005,13:25,A321-neo,오지우,Economy,43K
2113,화,KE2005,13:25,A321-neo,박서윤,Economy,33B
2114,화,KE2005,13:25,A321-neo,장예준,Economy,52D
2115,화,KE2005,13:25,A321-neo,박현우,Economy,30H
2116,화,KE2005,13:25,A321-neo,장지훈,Economy,22C
2117,화,KE2005,13:25,A321-neo,신수아,Economy,40K
2118,화,KE2005,13:25,A321-neo,안현우,Economy,41H
2119,화,KE2005,13:25,A321-neo,권수아,Economy,39D
2120,화,KE2005,13:25,A321-neo,이채원,Economy,37E
2121,화,KE2005,13:25,A321-neo,정하윤,Economy,48H
2122,화,KE2005,13:25,A321-neo,임윤우,Economy,42J
2123,화,KE2005,13:25,A321-neo,박유준,Economy,20J
2124,화,KE2005,13:25,A321-neo,장민서,Economy,45A
2125,화,KE2005,13:25,A321-neo,권예준,Economy,22B
2126,화,KE2011,19:45,A350-900,조현우,Prestige,13K
2127,화,KE2011,19:45,A350-900,신민서,Prestige,8D
2128,화,KE2011,19:45,A350-900,김준우,Prestige,10B
2129,화,KE2011,19:45,A350-900,황도윤,Prestige,8J
2130,화,KE2011,19:45,A350-900,한준우,Prestige,12B
2131,화,KE2011,19:45,A350-900,황유준,Prestige,7H
2132,화,KE2011,19:45,A350-900,김예준,Prestige,10C
2133,화,KE2011,19:45,A350-900,오서연,Prestige,7D
2134,화,KE2011,19:45,A350-900,서민준,Prestige,8K
2135,화,KE2011,19:45,A350-900,강윤우,Prestige,14C
2136,화,KE2011,19:45,A350-900,신준우,Prestige,7J
2137,화,KE2011,19:45,A350-900,오민서,Prestige,14J
2138,화,KE2011,19:45,A350-900,이하윤,Prestige,10D
2139,화,KE2011,19:45,A350-900,정채원,Prestige,9J
2140,화,KE2011,19:45,A350-900,신채원,Prestige,8B
2141,화,KE2011,19:45,A350-900,신민서,Prestige,13D
2142,화,KE2011,19:45,A350-900,오준우,Prestige,11H
2143,화,KE2011,19:45,A350-900,정수아,Prestige,14A
2144,화,KE2011,19:45,A350-900,정민서,Prestige,12A
2145,화,KE2011,19:45,A350-900,이채원,Economy,45H
2146,화,KE2011,19:45,A350-900,임민서,Economy,29A
2147,화,KE2011,19:45,A350-900,조민준,Economy,32K
2148,화,KE2011,19:45,A350-900,임채원,Economy,45D
2149,화,KE2011,19:45,A350-900,황지우,Economy,46A
2150,화,KE2011,19:45,A350-900,황지유,Economy,39B
2151,화,KE2011,19:45,A350-900,박민서,Economy,24A
2152,화,KE2011,19:45,A350-900,신하윤,Economy,35J
2153,화,KE2011,19:45,A350-900,장서윤,Economy,20C
2154,화,KE2011,19:45,A350-900,황수아,Economy,46B
2155,화,KE2011,19:45,A350-900,장민서,Economy,47K
2156,화,KE2011,19:45,A350-900,권윤우,Economy,22J
2157,화,KE2011,19:45,A350-900,신현우,Economy,25E
2158,화,KE2011,19:45,A350-900,권서연,Economy,47A
2159,화,KE2011,19:45,A350-900,권예준,Economy,51J
2160,화,KE2011,19:45,A350-900,권윤우,Economy,47E
2161,화,KE2011,19:45,A350-900,안예준,Economy,23H
2162,화,KE2011,19:45,A350-900,강민서,Economy,29D
2163,화,KE2011,19:45,A350-900,오민서,Economy,51C
2164,화,KE2011,19:45,A350-900,조민서,Economy,43D
2165,화,KE2011,19:45,A350-900,장지우,Economy,43J
2166,화,KE2011,19:45,A350-900,권현우,Economy,43E
2167,화,KE2011,19:45,A350-900,안민준,Economy,35K
2168,화,KE2011,19:45,A350-900,이예준,Economy,32E
2169,화,KE2011,19:45,A350-900,한채원,Economy,26B
2170,화,KE2011,19:45,A350-900,권유준,Economy,51B
2171,화,KE2011,19:45,A350-900,최준우,Economy,54K
2172,화,KE2011,19:45,A350-900,박현우,Economy,41H
2173,화,KE2011,19:45,A350-900,임수아,Economy,32D
2174,화,KE2011,19:45,A350-900,윤현우,Economy,49H
2175,화,KE2011,19:45,A350-900,임민준,Economy,40J
2176,화,KE2011,19:45,A350-900,이윤우,Economy,28A
2177,화,KE2011,19:45,A350-900,이서연,Economy,35C
2178,화,KE2011,19:45,A350-900,권현우,Economy,42B
2179,화,KE2011,19:45,A350-900,안유준,Economy,51D
2180,화,KE2011,19:45,A350-900,김유준,Economy,22K
2181,화,KE2011,19:45,A350-900,서준우,Economy,39E
2182,화,KE2011,19:45,A350-900,신민서,Economy,34J
2183,화,KE2011,19:45,A350-900,임지유,Economy,42H
2184,화,KE2011,19:45,A350-900,윤채원,Economy,30E
2185,화,KE2011,19:45,A350-900,오지훈,Economy,24E
2186,화,KE2011,19:45,A350-900,한유준,Economy,42J
2187,화,KE2011,19:45,A350-900,김서연,Economy,20K
2188,화,KE2011,19:45,A350-900,한현우,Economy,39K
2189,화,KE2011,19:45,A350-900,신지우,Economy,48E
2190,화,KE2011,19:45,A350-900,권서연,Economy,27E
2191,화,KE2011,19:45,A350-900,황현우,Economy,47C
2192,화,KE2011,19:45,A350-900,최지유,Economy,43A
2193,화,KE2011,19:45,A350-900,황지훈,Economy,52K
2194,화,KE2011,19:45,A350-900,최도윤,Economy,24K
2195,화,KE2011,19:45,A350-900,이지우,Economy,39C
2196,화,KE2011,19:45,A350-900,정채원,Economy,28D
2197,화,KE2011,19:45,A350-900,윤채원,Economy,36E
2198,화,KE2011,19:45,A350-900,이하윤,Economy,53D
2199,화,KE2011,19:45,A350-900,서하윤,Economy,33E
2200,화,KE2011,19:45,A350-900,오서윤,Economy,38C
2201,화,KE2011,19:45,A350-900,권채원,Economy,25C
2202,화,KE2011,19:45,A350-900,신민준,Economy,38K
2203,화,KE2011,19:45,A350-900,김도윤,Economy,48J
2204,화,KE2011,19:45,A350-900,김서윤,Economy,50J
2205,화,KE2011,19:45,A350-900,김예준,Economy,22D
2206,화,KE2011,19:45,A350-900,최유준,Economy,43B
2207,화,KE2011,19:45,A350-900,이지훈,Economy,44H
2208,화,KE2011,19:45,A350-900,윤준우,Economy,44J
2209,화,KE2011,19:45,A350-900,신예준,Economy,45C
2210,화,KE2011,19:45,A350-900,박서연,Economy,42A
2211,화,KE2011,19:45,A350-900,윤민준,Economy,31E
2212,화,KE2011,19:45,A350-900,박지훈,Economy,39J
2213,화,KE2011,19:45,A350-900,정지유,Economy,28H
2214,화,KE2011,19:45,A350-900,장민준,Economy,37J
2215,화,KE2011,19:45,A350-900,최예준,Economy,21E
2216,화,KE2011,19:45,A350-900,서서윤,Economy,34D
2217,화,KE2011,19:45,A350-900,임현우,Economy,21A
2218,화,KE2011,19:45,A350-900,조윤우,Economy,45K
2219,화,KE2011,19:45,A350-900,정민준,Economy,22C
2220,화,KE2011,19:45,A350-900,이현우,Economy,45B
2221,화,KE2011,19:45,A350-900,박현우,Economy,36C
2222,화,KE2011,19:45,A350-900,최현우,Economy,24B
2223,화,KE2011,19:45,A350-900,권민서,Economy,44K
2224,화,KE2011,19:45,A350-900,최유준,Economy,24J
2225,화,KE2011,19:45,A350-900,윤수아,Economy,40C
2226,화,KE2011,19:45,A350-900,황서연,Economy,52E
2227,화,KE2011,19:45,A350-900,임예준,Economy,43K
2228,화,KE2011,19:45,A350-900,한윤우,Economy,29B
2229,화,KE2011,19:45,A350-900,강예준,Economy,31H
2230,화,KE2011,19:45,A350-900,박윤우,Economy,46C
2231,화,KE2011,19:45,A350-900,김서연,Economy,21C
2232,화,KE2011,19:45,A350-900,이지우,Economy,46H
2233,화,KE2011,19:45,A350-900,한하윤,Economy,46J
2234,화,KE2011,19:45,A350-900,권유준,Economy,23E
2235,화,KE2011,19:45,A350-900,강민준,Economy,20B
2236,화,KE2011,19:45,A350-900,권민준,Economy,24D
2237,화,KE2011,19:45,A350-900,안수아,Economy,27A
2238,화,KE2011,19:45,A350-900,서민서,Economy,29E
2239,화,KE2011,19:45,A350-900,장지훈,Economy,32B
2240,화,KE2011,19:45,A350-900,최지유,Economy,49A
2241,화,KE2011,19:45,A350-900,조현우,Economy,34B
2242,화,KE2011,19:45,A350-900,서도윤,Economy,21K
2243,화,KE2011,19:45,A350-900,오서연,Economy,41E
2244,화,KE2011,19:45,A350-900,윤윤우,Economy,40D
2245,화,KE2011,19:45,A350-900,오지우,Economy,41K
2246,화,KE2011,19:45,A350-900,강서연,Economy,20A
2247,화,KE2011,19:45,A350-900,황현우,Economy,36D
2248,화,KE2011,19:45,A350-900,황하윤,Economy,30B
2249,화,KE2011,19:45,A350-900,신서윤,Economy,47J
2250,화,KE2011,19:45,A350-900,안현우,Economy,33D
2251,화,KE2011,19:45,A350-900,조수아,Economy,21B
2252,화,KE2011,19:45,A350-900,권수아,Economy,23D
2253,화,KE2011,19:45,A350-900,김예준,Economy,53K
2254,화,KE2011,19:45,A350-900,신유준,Economy,32A
2255,화,KE2011,19:45,A350-900,박하윤,Economy,54C
2256,화,KE2011,19:45,A350-900,임지훈,Economy,34H
2257,화,KE2011,19:45,A350-900,조하윤,Economy,37H
2258,화,KE2011,19:45,A350-900,조민준,Economy,41B
2259,화,KE2011,19:45,A350-900,최유준,Economy,25A
2260,화,KE2011,19:45,A350-900,한민서,Economy,20E
2261,화,KE2011,19:45,A350-900,한지우,Economy,49E
2262,화,KE2011,19:45,A350-900,안서연,Economy,33B
2263,화,KE2011,19:45,A350-900,최유준,Economy,52B
2264,화,KE2011,19:45,A350-900,권준우,Economy,27H
2265,화,KE2011,19:45,A350-900,박현우,Economy,54B
2266,화,KE2011,19:45,A350-900,황윤우,Economy,48C
2267,화,KE2011,19:45,A350-900,최예준,Economy,32H
2268,화,KE2011,19:45,A350-900,이채원,Economy,28C
2269,화,KE2011,19:45,A350-900,정수아,Economy,40H
2270,화,KE2011,19:45,A350-900,신수아,Economy,34A
2271,화,KE2011,19:45,A350-900,장서연,Economy,53A
2272,화,KE2011,19:45,A350-900,신수아,Economy,51E
2273,화,KE2011,19:45,A350-900,신수아,Economy,21H
2274,화,KE2011,19:45,A350-900,한민준,Economy,33A
2275,화,KE2011,19:45,A350-900,오서윤,Economy,48K
2276,화,KE2011,19:45,A350-900,최준우,Economy,37K
2277,화,KE2011,19:45,A350-900,윤지우,Economy,52D
2278,화,KE2011,19:45,A350-900,최지훈,Economy,34K
2279,화,KE2011,19:45,A350-900,최서윤,Economy,31D
2280,화,KE2011,19:45,A350-900,임지유,Economy,33K
2281,화,KE2011,19:45,A350-900,박윤우,Economy,47D
2282,화,KE2011,19:45,A350-900,황도윤,Economy,34E
2283,화,KE2011,19:45,A350-900,강예준,Economy,36A
2284,화,KE2011,19:45,A350-900,권유준,Economy,27K
2285,화,KE2011,19:45,A350-900,박서연,Economy,23A
2286,화,KE2011,19:45,A350-900,박민서,Economy,50D
2287,화,KE2011,19:45,A350-900,이도윤,Economy,27C
2288,화,KE2011,19:45,A350-900,서지유,Economy,23J
2289,화,KE2011,19:45,A350-900,정준우,Economy,38E
2290,화,KE2011,19:45,A350-900,신예준,Economy,31C
2291,화,KE2011,19:45,A350-900,조수아,Economy,36J
2292,화,KE2011,19:45,A350-900,김하윤,Economy,48D
2293,화,KE2011,19:45,A350-900,이민준,Economy,36B
2294,화,KE2011,19:45,A350-900,정서윤,Economy,30D
2295,화,KE2011,19:45,A350-900,황지훈,Economy,28B
2296,화,KE2011,19:45,A350-900,오민서,Economy,48B
2297,화,KE2011,19:45,A350-900,안채원,Economy,48A
2298,화,KE2011,19:45,A350-900,임예준,Economy,39H
2299,화,KE2011,19:45,A350-900,한준우,Economy,49J
2300,화,KE2011,19:45,A350-900,김민서,Economy,54H
2301,화,KE2011,19:45,A350-900,김예준,Economy,34C
2302,화,KE2011,19:45,A350-900,이채원,Economy,25B
2303,화,KE2011,19:45,A350-900,신서윤,Economy,21J
2304,화,KE2011,19:45,A350-900,황채원,Economy,38H
2305,화,KE2011,19:45,A350-900,임수아,Economy,50H
2306,화,KE2011,19:45,A350-900,강민준,Economy,50A
2307,화,KE2011,19:45,A350-900,권준우,Economy,20D
2308,화,KE2011,19:45,A350-900,정서윤,Economy,33C
2309,화,KE2011,19:45,A350-900,신하윤,Economy,26H
2310,화,KE2011,19:45,A350-900,강예준,Economy,36K
2311,화,KE2011,19:45,A350-900,강수아,Economy,35B
2312,화,KE2011,19:45,A350-900,조채원,Economy,51A
2313,화,KE2011,19:45,A350-900,최서윤,Economy,39A
2314,화,KE2011,19:45,A350-900,한채원,Economy,45E
2320,수,KE2001,8:05,A330-300,강윤우,Prestige,11J
2321,수,KE2001,8:05,A330-300,장서윤,Prestige,14D
2322,수,KE2001,8:05,A330-300,임하윤,Prestige,13C
2323,수,KE2001,8:05,A330-300,정수아,Prestige,9D
2324,수,KE2001,8:05,A330-300,안수아,Prestige,10D
2325,수,KE2001,8:05,A330-300,윤예준,Prestige,14B
2326,수,KE2001,8:05,A330-300,황유준,Prestige,10A
2327,수,KE2001,8:05,A330-300,박서윤,Prestige,7A
2328,수,KE2001,8:05,A330-300,이준우,Prestige,7D
2329,수,KE2001,8:05,A330-300,정유준,Prestige,14H
2330,수,KE2001,8:05,A330-300,최지우,Prestige,8J
2331,수,KE2001,8:05,A330-300,오민준,Prestige,7B
2332,수,KE2001,8:05,A330-300,이서연,Prestige,8A
2333,수,KE2001,8:05,A330-300,한지훈,Prestige,9K
2334,수,KE2001,8:05,A330-300,서지우,Prestige,9A
2335,수,KE2001,8:05,A330-300,신유준,Prestige,13H
2336,수,KE2001,8:05,A330-300,신유준,Prestige,10E
2337,수,KE2001,8:05,A330-300,정현우,Prestige,11C
2338,수,KE2001,8:05,A330-300,정수아,Prestige,8C
2339,수,KE2001,8:05,A330-300,장서연,Prestige,13K
2340,수,KE2001,8:05,A330-300,정민서,Prestige,8K
2341,수,KE2001,8:05,A330-300,서채원,Prestige,7J
2342,수,KE2001,8:05,A330-300,황서연,Prestige,11K
2343,수,KE2001,8:05,A330-300,장도윤,Prestige,10J
2344,수,KE2001,8:05,A330-300,박서연,Prestige,9J
2345,수,KE2001,8:05,A330-300,장수아,Prestige,14A
2346,수,KE2001,8:05,A330-300,한채원,Prestige,12A
2347,수,KE2001,8:05,A330-300,권민서,Prestige,9E
2348,수,KE2001,8:05,A330-300,장수아,Economy,47K
2349,수,KE2001,8:05,A330-300,오도윤,Economy,24B
2350,수,KE2001,8:05,A330-300,안채원,Economy,49A
2351,수,KE2001,8:05,A330-300,박지우,Economy,33H
2352,수,KE2001,8:05,A330-300,김지유,Economy,30J
2353,수,KE2001,8:05,A330-300,안도윤,Economy,43K
2354,수,KE2001,8:05,A330-300,정예준,Economy,28H
2355,수,KE2001,8:05,A330-300,윤도윤,Economy,26H
2356,수,KE2001,8:05,A330-300,김서윤,Economy,26J
2357,수,KE2001,8:05,A330-300,정지훈,Economy,46K
2358,수,KE2001,8:05,A330-300,조하윤,Economy,27A
2359,수,KE2001,8:05,A330-300,안예준,Economy,50J
2360,수,KE2001,8:05,A330-300,조유준,Economy,28K
2361,수,KE2001,8:05,A330-300,임채원,Economy,53B
2362,수,KE2001,8:05,A330-300,윤하윤,Economy,22K
2363,수,KE2001,8:05,A330-300,황민서,Economy,52C
2364,수,KE2001,8:05,A330-300,황민서,Economy,40H
2365,수,KE2001,8:05,A330-300,정민준,Economy,47D
2366,수,KE2001,8:05,A330-300,장도윤,Economy,34H
2367,수,KE2001,8:05,A330-300,한도윤,Economy,50K
2368,수,KE2001,8:05,A330-300,조준우,Economy,22B
2369,수,KE2001,8:05,A330-300,서지우,Economy,33A
2370,수,KE2001,8:05,A330-300,장준우,Economy,24D
2371,수,KE2001,8:05,A330-300,김하윤,Economy,45D
2372,수,KE2001,8:05,A330-300,박유준,Economy,35E
2373,수,KE2001,8:05,A330-300,신하윤,Economy,46E
2374,수,KE2001,8:05,A330-300,강지우,Economy,51J
2375,수,KE2001,8:05,A330-300,강서윤,Economy,31J
2376,수,KE2001,8:05,A330-300,권지우,Economy,49J
2377,수,KE2001,8:05,A330-300,오윤우,Economy,24C
2378,수,KE2001,8:05,A330-300,안지유,Economy,39E
2379,수,KE2001,8:05,A330-300,최민서,Economy,20E
2380,수,KE2001,8:05,A330-300,신지우,Economy,21H
2381,수,KE2001,8:05,A330-300,김수아,Economy,29D
2382,수,KE2001,8:05,A330-300,한서연,Economy,26C
2383,수,KE2001,8:05,A330-300,안윤우,Economy,20C
2384,수,KE2001,8:05,A330-300,안수아,Economy,37D
2385,수,KE2001,8:05,A330-300,한민서,Economy,35J
2386,수,KE2001,8:05,A330-300,황하윤,Economy,40A
2387,수,KE2001,8:05,A330-300,조지우,Economy,25K
2388,수,KE2001,8:05,A330-300,오민서,Economy,54A
2389,수,KE2001,8:05,A330-300,박서연,Economy,24A
2390,수,KE2001,8:05,A330-300,권서연,Economy,32K
2391,수,KE2001,8:05,A330-300,윤윤우,Economy,22J
2392,수,KE2001,8:05,A330-300,최준우,Economy,51H
2393,수,KE2001,8:05,A330-300,김윤우,Economy,54C
2394,수,KE2001,8:05,A330-300,윤서윤,Economy,36J
2395,수,KE2001,8:05,A330-300,권현우,Economy,49E
2396,수,KE2001,8:05,A330-300,정민서,Economy,35C
2397,수,KE2001,8:05,A330-300,최지훈,Economy,37A
2398,수,KE2001,8:05,A330-300,한현우,Economy,35H
2399,수,KE2001,8:05,A330-300,최준우,Economy,29H
2400,수,KE2001,8:05,A330-300,김하윤,Economy,45C
2401,수,KE2001,8:05,A330-300,박하윤,Economy,48C
2402,수,KE2001,8:05,A330-300,오준우,Economy,24E
2403,수,KE2001,8:05,A330-300,김민준,Economy,47B
2404,수,KE2001,8:05,A330-300,박예준,Economy,50A
2405,수,KE2001,8:05,A330-300,장준우,Economy,20D
2406,수,KE2001,8:05,A330-300,황지우,Economy,45E
2407,수,KE2001,8:05,A330-300,장지우,Economy,48K
2408,수,KE2001,8:05,A330-300,서수아,Economy,54B
2409,수,KE2001,8:05,A330-300,윤윤우,Economy,53D
2410,수,KE2001,8:05,A330-300,신지우,Economy,23J
2411,수,KE2001,8:05,A330-300,조지유,Economy,40B
2412,수,KE2001,8:05,A330-300,장민서,Economy,36B
2413,수,KE2001,8:05,A330-300,서채원,Economy,44K
2414,수,KE2001,8:05,A330-300,이예준,Economy,41E
2415,수,KE2001,8:05,A330-300,한예준,Economy,53K
2416,수,KE2001,8:05,A330-300,이준우,Economy,52H
2417,수,KE2001,8:05,A330-300,안유준,Economy,43H
2418,수,KE2001,8:05,A330-300,임현우,Economy,41H
2419,수,KE2001,8:05,A330-300,정지유,Economy,21E
2420,수,KE2001,8:05,A330-300,최도윤,Economy,24K
2421,수,KE2001,8:05,A330-300,권수아,Economy,43B
2422,수,KE2001,8:05,A330-300,박현우,Economy,37C
2423,수,KE2001,8:05,A330-300,권예준,Economy,44H
2424,수,KE2001,8:05,A330-300,정현우,Economy,51C
2425,수,KE2001,8:05,A330-300,강준우,Economy,46H
2426,수,KE2001,8:05,A330-300,안예준,Economy,25B
2427,수,KE2001,8:05,A330-300,조현우,Economy,39B
2428,수,KE2001,8:05,A330-300,권지훈,Economy,29A
2429,수,KE2001,8:05,A330-300,오민서,Economy,22A
2430,수,KE2001,8:05,A330-300,신윤우,Economy,51K
2431,수,KE2001,8:05,A330-300,서윤우,Economy,39H
2432,수,KE2001,8:05,A330-300,임민준,Economy,20B
2433,수,KE2001,8:05,A330-300,강예준,Economy,29K
2434,수,KE2001,8:05,A330-300,서지훈,Economy,33C
2435,수,KE2001,8:05,A330-300,황민서,Economy,41A
2436,수,KE2001,8:05,A330-300,장민서,Economy,49K
2437,수,KE2001,8:05,A330-300,윤수아,Economy,27B
2438,수,KE2001,8:05,A330-300,임유준,Economy,34C
2439,수,KE2001,8:05,A330-300,임유준,Economy,30D
2440,수,KE2001,8:05,A330-300,오도윤,Economy,42E
2441,수,KE2001,8:05,A330-300,정유준,Economy,25D
2442,수,KE2001,8:05,A330-300,조민서,Economy,53J
2443,수,KE2001,8:05,A330-300,안준우,Economy,29C
2444,수,KE2001,8:05,A330-300,임유준,Economy,29B
2445,수,KE2001,8:05,A330-300,임지유,Economy,42D
2446,수,KE2001,8:05,A330-300,조서연,Economy,31D
2447,수,KE2001,8:05,A330-300,권하윤,Economy,37B
2448,수,KE2001,8:05,A330-300,조민서,Economy,20A
2449,수,KE2001,8:05,A330-300,한채원,Economy,38H
2450,수,KE2001,8:05,A330-300,서민준,Economy,45H
2451,수,KE2001,8:05,A330-300,임현우,Economy,27K
2452,수,KE2001,8:05,A330-300,윤윤우,Economy,40E
2453,수,KE2001,8:05,A330-300,최수아,Economy,54E
2454,수,KE2001,8:05,A330-300,임지유,Economy,31K
2455,수,KE2001,8:05,A330-300,정도윤,Economy,33B
2456,수,KE2001,8:05,A330-300,권준우,Economy,23A
2457,수,KE2001,8:05,A330-300,박서윤,Economy,49D
2458,수,KE2001,8:05,A330-300,신현우,Economy,34J
2459,수,KE2001,8:05,A330-300,김지훈,Economy,38J
2460,수,KE2001,8:05,A330-300,정지훈,Economy,27H
2461,수,KE2001,8:05,A330-300,한윤우,Economy,27C
2462,수,KE2001,8:05,A330-300,안수아,Economy,28D
2463,수,KE2001,8:05,A330-300,박현우,Economy,52A
2464,수,KE2001,8:05,A330-300,신민준,Economy,25A
2465,수,KE2001,8:05,A330-300,권현우,Economy,39C
2466,수,KE2001,8:05,A330-300,신지우,Economy,36D
2467,수,KE2001,8:05,A330-300,임민서,Economy,30K
2468,수,KE2001,8:05,A330-300,이민준,Economy,54D
2469,수,KE2001,8:05,A330-300,윤준우,Economy,43C
2470,수,KE2001,8:05,A330-300,임지훈,Economy,46J
2471,수,KE2001,8:05,A330-300,신서연,Economy,36A
2472,수,KE2001,8:05,A330-300,신하윤,Economy,46C
2473,수,KE2001,8:05,A330-300,임지훈,Economy,21C
2474,수,KE2001,8:05,A330-300,임지유,Economy,53A
2475,수,KE2001,8:05,A330-300,박현우,Economy,51E
2476,수,KE2001,8:05,A330-300,권준우,Economy,50H
2477,수,KE2001,8:05,A330-300,조민서,Economy,45B
2478,수,KE2001,8:05,A330-300,강준우,Economy,33K
2479,수,KE2001,8:05,A330-300,박하윤,Economy,36H
2480,수,KE2001,8:05,A330-300,조서연,Economy,30H
2481,수,KE2001,8:05,A330-300,이수아,Economy,23C
2482,수,KE2001,8:05,A330-300,최서윤,Economy,39J
2483,수,KE2001,8:05,A330-300,신유준,Economy,48B
2484,수,KE2001,8:05,A330-300,서민준,Economy,29E
2485,수,KE2001,8:05,A330-300,서지훈,Economy,27D
2486,수,KE2001,8:05,A330-300,강수아,Economy,48A
2487,수,KE2001,8:05,A330-300,황민준,Economy,32J
2488,수,KE2001,8:05,A330-300,정하윤,Economy,44B
2489,수,KE2001,8:05,A330-300,한지우,Economy,40J
2490,수,KE2001,8:05,A330-300,오유준,Economy,23B
2491,수,KE2001,8:05,A330-300,강예준,Economy,34A
2492,수,KE2001,8:05,A330-300,정유준,Economy,51A
2493,수,KE2001,8:05,A330-300,박민서,Economy,47J
2494,수,KE2001,8:05,A330-300,윤서윤,Economy,51D
2495,수,KE2005,13:25,A330-300,한서연,Prestige,14D
2496,수,KE2005,13:25,A330-300,이지유,Prestige,10H
2497,수,KE2005,13:25,A330-300,강유준,Prestige,11E
2498,수,KE2005,13:25,A330-300,정서연,Prestige,7E
2499,수,KE2005,13:25,A330-300,한민준,Prestige,9D
2500,수,KE2005,13:25,A330-300,박수아,Prestige,13K
2501,수,KE2005,13:25,A330-300,김서연,Prestige,12E
2502,수,KE2005,13:25,A330-300,장서연,Prestige,14H
2503,수,KE2005,13:25,A330-300,신민준,Prestige,9J
2504,수,KE2005,13:25,A330-300,강서연,Prestige,8B
2505,수,KE2005,13:25,A330-300,임지훈,Prestige,9E
2506,수,KE2005,13:25,A330-300,강지우,Prestige,8A
2507,수,KE2005,13:25,A330-300,한도윤,Prestige,12J
2508,수,KE2005,13:25,A330-300,신서윤,Prestige,13C
2509,수,KE2005,13:25,A330-300,조서윤,Prestige,10B
2510,수,KE2005,13:25,A330-300,박민준,Prestige,10J
2511,수,KE2005,13:25,A330-300,임윤우,Prestige,8C
2512,수,KE2005,13:25,A330-300,임예준,Prestige,8K
2513,수,KE2005,13:25,A330-300,신하윤,Prestige,11C
2514,수,KE2005,13:25,A330-300,이채원,Prestige,12B
2515,수,KE2005,13:25,A330-300,임현우,Prestige,14J
2516,수,KE2005,13:25,A330-300,박지우,Economy,38H
2517,수,KE2005,13:25,A330-300,임채원,Economy,35J
2518,수,KE2005,13:25,A330-300,한서윤,Economy,31E
2519,수,KE2005,13:25,A330-300,장채원,Economy,49D
2520,수,KE2005,13:25,A330-300,한지훈,Economy,50C
2521,수,KE2005,13:25,A330-300,장도윤,Economy,54K
2522,수,KE2005,13:25,A330-300,장서연,Economy,43H
2523,수,KE2005,13:25,A330-300,임민준,Economy,44E
2524,수,KE2005,13:25,A330-300,조도윤,Economy,36A
2525,수,KE2005,13:25,A330-300,임서연,Economy,29D
2526,수,KE2005,13:25,A330-300,임지유,Economy,36H
2527,수,KE2005,13:25,A330-300,강서윤,Economy,26C
2528,수,KE2005,13:25,A330-300,최유준,Economy,40H
2529,수,KE2005,13:25,A330-300,임민서,Economy,25K
2530,수,KE2005,13:25,A330-300,윤서연,Economy,23E
2531,수,KE2005,13:25,A330-300,조하윤,Economy,42D
2532,수,KE2005,13:25,A330-300,안현우,Economy,21E
2533,수,KE2005,13:25,A330-300,정하윤,Economy,24E
2534,수,KE2005,13:25,A330-300,박지유,Economy,29E
2535,수,KE2005,13:25,A330-300,임수아,Economy,25C
2536,수,KE2005,13:25,A330-300,한지유,Economy,23J
2537,수,KE2005,13:25,A330-300,장유준,Economy,27J
2538,수,KE2005,13:25,A330-300,조민준,Economy,42K
2539,수,KE2005,13:25,A330-300,오하윤,Economy,50H
2540,수,KE2005,13:25,A330-300,윤서윤,Economy,26E
2541,수,KE2005,13:25,A330-300,임지유,Economy,47K
2542,수,KE2005,13:25,A330-300,권민준,Economy,51A
2543,수,KE2005,13:25,A330-300,강민준,Economy,40B
2544,수,KE2005,13:25,A330-300,정지훈,Economy,32J
2545,수,KE2005,13:25,A330-300,신유준,Economy,43D
2546,수,KE2005,13:25,A330-300,윤지우,Economy,29K
2547,수,KE2005,13:25,A330-300,서지훈,Economy,24B
2548,수,KE2005,13:25,A330-300,서민준,Economy,36E
2549,수,KE2005,13:25,A330-300,황준우,Economy,43E
2550,수,KE2005,13:25,A330-300,이윤우,Economy,51K
2551,수,KE2005,13:25,A330-300,안지우,Economy,45E
2552,수,KE2005,13:25,A330-300,한서윤,Economy,46J
2553,수,KE2005,13:25,A330-300,최지훈,Economy,34E
2554,수,KE2005,13:25,A330-300,신민준,Economy,26K
2555,수,KE2005,13:25,A330-300,윤예준,Economy,47J
2556,수,KE2005,13:25,A330-300,김민서,Economy,21H
2557,수,KE2005,13:25,A330-300,오준우,Economy,45A
2558,수,KE2005,13:25,A330-300,조서연,Economy,20C
2559,수,KE2005,13:25,A330-300,장민서,Economy,39B
2560,수,KE2005,13:25,A330-300,김민서,Economy,34A
2561,수,KE2005,13:25,A330-300,황수아,Economy,35K
2562,수,KE2005,13:25,A330-300,최서연,Economy,22D
2563,수,KE2005,13:25,A330-300,정지유,Economy,52K
2564,수,KE2005,13:25,A330-300,서도윤,Economy,28C
2565,수,KE2005,13:25,A330-300,서서연,Economy,51B
2566,수,KE2005,13:25,A330-300,오민서,Economy,27E
2567,수,KE2005,13:25,A330-300,장민서,Economy,43A
2568,수,KE2005,13:25,A330-300,한민준,Economy,22B
2569,수,KE2005,13:25,A330-300,황지훈,Economy,34J
2570,수,KE2005,13:25,A330-300,최지유,Economy,49E
2571,수,KE2005,13:25,A330-300,김도윤,Economy,33B
2572,수,KE2005,13:25,A330-300,정민서,Economy,33J
2573,수,KE2005,13:25,A330-300,안지유,Economy,47A
2574,수,KE2005,13:25,A330-300,정도윤,Economy,36B
2575,수,KE2005,13:25,A330-300,오현우,Economy,23H
2576,수,KE2005,13:25,A330-300,강도윤,Economy,50B
2577,수,KE2005,13:25,A330-300,서지훈,Economy,49K
2578,수,KE2005,13:25,A330-300,임윤우,Economy,29C
2579,수,KE2005,13:25,A330-300,한준우,Economy,21J
2580,수,KE2005,13:25,A330-300,안지훈,Economy,48D
2581,수,KE2005,13:25,A330-300,이지유,Economy,42C
2582,수,KE2005,13:25,A330-300,신유준,Economy,40D
2583,수,KE2005,13:25,A330-300,김예준,Economy,51J
2584,수,KE2005,13:25,A330-300,이민준,Economy,31C
2585,수,KE2005,13:25,A330-300,임서윤,Economy,34K
2586,수,KE2005,13:25,A330-300,서윤우,Economy,30A
2587,수,KE2005,13:25,A330-300,김서연,Economy,52E
2588,수,KE2005,13:25,A330-300,최도윤,Economy,42A
2589,수,KE2005,13:25,A330-300,서도윤,Economy,43B
2590,수,KE2005,13:25,A330-300,임하윤,Economy,33E
2591,수,KE2005,13:25,A330-300,신민준,Economy,28B
2592,수,KE2005,13:25,A330-300,김수아,Economy,33H
2593,수,KE2005,13:25,A330-300,조도윤,Economy,46E
2594,수,KE2005,13:25,A330-300,강민준,Economy,24K
2595,수,KE2005,13:25,A330-300,박서윤,Economy,25B
2596,수,KE2005,13:25,A330-300,강도윤,Economy,37B
2597,수,KE2005,13:25,A330-300,한유준,Economy,35C
2598,수,KE2005,13:25,A330-300,한채원,Economy,48E
2599,수,KE2005,13:25,A330-300,정민준,Economy,39A
2600,수,KE2005,13:25,A330-300,오준우,Economy,44K
2601,수,KE2005,13:25,A330-300,권지훈,Economy,46C
2602,수,KE2005,13:25,A330-300,황도윤,Economy,37D
2603,수,KE2005,13:25,A330-300,오채원,Economy,32D
2604,수,KE2005,13:25,A330-300,이민준,Economy,44C
2605,수,KE2005,13:25,A330-300,윤서윤,Economy,42H
2606,수,KE2005,13:25,A330-300,윤지우,Economy,32E
2607,수,KE2005,13:25,A330-300,박민서,Economy,36D
2608,수,KE2005,13:25,A330-300,안민준,Economy,46D
2609,수,KE2005,13:25,A330-300,오서연,Economy,37H
2610,수,KE2005,13:25,A330-300,최도윤,Economy,22H
2611,수,KE2005,13:25,A330-300,신채원,Economy,53C
2612,수,KE2005,13:25,A330-300,조준우,Economy,20D
2613,수,KE2005,13:25,A330-300,오채원,Economy,26H
2614,수,KE2005,13:25,A330-300,권준우,Economy,44B
2615,수,KE2005,13:25,A330-300,이윤우,Economy,20K
2616,수,KE2005,13:25,A330-300,안민준,Economy,48A
2617,수,KE2005,13:25,A330-300,한현우,Economy,28J
2618,수,KE2005,13:25,A330-300,장수아,Economy,52D
2619,수,KE2005,13:25,A330-300,서수아,Economy,22J
2620,수,KE2005,13:25,A330-300,조현우,Economy,31A
2621,수,KE2005,13:25,A330-300,김서연,Economy,49H
2622,수,KE2005,13:25,A330-300,신지우,Economy,38A
2623,수,KE2005,13:25,A330-300,강지훈,Economy,51D
2624,수,KE2005,13:25,A330-300,최현우,Economy,45B
2625,수,KE2005,13:25,A330-300,정수아,Economy,47C
2626,수,KE2005,13:25,A330-300,신수아,Economy,54E
2627,수,KE2005,13:25,A330-300,최지훈,Economy,32H
2628,수,KE2005,13:25,A330-300,오준우,Economy,29J
2629,수,KE2005,13:25,A330-300,이유준,Economy,51C
2630,수,KE2005,13:25,A330-300,김민준,Economy,49B
2631,수,KE2005,13:25,A330-300,임지훈,Economy,36C
2632,수,KE2005,13:25,A330-300,최유준,Economy,35A
2633,수,KE2005,13:25,A330-300,임지유,Economy,47H
2634,수,KE2005,13:25,A330-300,김현우,Economy,30B
2635,수,KE2005,13:25,A330-300,오준우,Economy,25H
2636,수,KE2005,13:25,A330-300,강서연,Economy,54H
2637,수,KE2005,13:25,A330-300,권현우,Economy,32A
2638,수,KE2005,13:25,A330-300,최준우,Economy,33C
2639,수,KE2005,13:25,A330-300,이예준,Economy,29A
2640,수,KE2005,13:25,A330-300,황지유,Economy,33A
2641,수,KE2005,13:25,A330-300,임민서,Economy,45J
2642,수,KE2005,13:25,A330-300,한지훈,Economy,39K
2643,수,KE2005,13:25,A330-300,정서윤,Economy,45K
2644,수,KE2005,13:25,A330-300,권서윤,Economy,52A
2645,수,KE2005,13:25,A330-300,안유준,Economy,31D
2646,수,KE2005,13:25,A330-300,김민서,Economy,21K
2647,수,KE2005,13:25,A330-300,권도윤,Economy,46H
2648,수,KE2005,13:25,A330-300,임민준,Economy,31B
2649,수,KE2005,13:25,A330-300,서서연,Economy,23C
2650,수,KE2005,13:25,A330-300,윤도윤,Economy,20E
2651,수,KE2005,13:25,A330-300,박윤우,Economy,21A
2652,수,KE2005,13:25,A330-300,안하윤,Economy,38C
2653,수,KE2005,13:25,A330-300,박지훈,Economy,41C
2654,수,KE2005,13:25,A330-300,강현우,Economy,54B
2655,수,KE2005,13:25,A330-300,임민준,Economy,24D
2656,수,KE2005,13:25,A330-300,정유준,Economy,38E
2657,수,KE2005,13:25,A330-300,장하윤,Economy,35H
2658,수,KE2005,13:25,A330-300,임유준,Economy,54A
2659,수,KE2005,13:25,A330-300,안유준,Economy,42J
2660,수,KE2005,13:25,A330-300,권현우,Economy,22A
2661,수,KE2005,13:25,A330-300,황민서,Economy,29H
2662,수,KE2005,13:25,A330-300,최민준,Economy,37A
2663,수,KE2005,13:25,A330-300,박준우,Economy,36K
2664,수,KE2005,13:25,A330-300,장하윤,Economy,54D
2665,수,KE2005,13:25,A330-300,한예준,Economy,41J
2666,수,KE2005,13:25,A330-300,최도윤,Economy,28D
2667,수,KE2005,13:25,A330-300,강지유,Economy,38K
2668,수,KE2005,13:25,A330-300,윤하윤,Economy,53A
2669,수,KE2005,13:25,A330-300,황채원,Economy,29B
2670,수,KE2005,13:25,A330-300,이도윤,Economy,54J
2671,수,KE2005,13:25,A330-300,최지훈,Economy,34H
2672,수,KE2005,13:25,A330-300,최윤우,Economy,33K
2673,수,KE2005,13:25,A330-300,강유준,Economy,48C
2674,수,KE2005,13:25,A330-300,장지우,Economy,43K
2675,수,KE2005,13:25,A330-300,서수아,Economy,47B
2676,수,KE2005,13:25,A330-300,조지유,Economy,53E
2677,수,KE2011,19:45,A350-900,김현우,Prestige,14A
2678,수,KE2011,19:45,A350-900,조도윤,Prestige,7E
2679,수,KE2011,19:45,A350-900,김유준,Prestige,12E
2680,수,KE2011,19:45,A350-900,윤하윤,Prestige,9J
2681,수,KE2011,19:45,A350-900,정수아,Prestige,8C
2682,수,KE2011,19:45,A350-900,박예준,Prestige,11D
2683,수,KE2011,19:45,A350-900,조예준,Prestige,12J
2684,수,KE2011,19:45,A350-900,안수아,Prestige,11B
2685,수,KE2011,19:45,A350-900,오지유,Prestige,7C
2686,수,KE2011,19:45,A350-900,권유준,Prestige,9B
2687,수,KE2011,19:45,A350-900,안민준,Prestige,11E
2688,수,KE2011,19:45,A350-900,윤준우,Prestige,7D
2689,수,KE2011,19:45,A350-900,한현우,Prestige,13E
2690,수,KE2011,19:45,A350-900,임지우,Prestige,12C
2691,수,KE2011,19:45,A350-900,장현우,Prestige,9E
2692,수,KE2011,19:45,A350-900,정유준,Prestige,11A
2693,수,KE2011,19:45,A350-900,서민준,Prestige,13C
2694,수,KE2011,19:45,A350-900,임민준,Prestige,12H
2695,수,KE2011,19:45,A350-900,조예준,Economy,46A
2696,수,KE2011,19:45,A350-900,오서윤,Economy,22E
2697,수,KE2011,19:45,A350-900,오민준,Economy,41J
2698,수,KE2011,19:45,A350-900,황유준,Economy,27B
2699,수,KE2011,19:45,A350-900,신지우,Economy,32A
2700,수,KE2011,19:45,A350-900,황준우,Economy,24A
2701,수,KE2011,19:45,A350-900,장민서,Economy,50A
2702,수,KE2011,19:45,A350-900,오지우,Economy,23J
2703,수,KE2011,19:45,A350-900,안서윤,Economy,34K
2704,수,KE2011,19:45,A350-900,한수아,Economy,39E
2705,수,KE2011,19:45,A350-900,안현우,Economy,44A
2706,수,KE2011,19:45,A350-900,최지우,Economy,47K
2707,수,KE2011,19:45,A350-900,강수아,Economy,53C
2708,수,KE2011,19:45,A350-900,장준우,Economy,27D
2709,수,KE2011,19:45,A350-900,안지우,Economy,39H
2710,수,KE2011,19:45,A350-900,오윤우,Economy,25D
2711,수,KE2011,19:45,A350-900,조서윤,Economy,52J
2712,수,KE2011,19:45,A350-900,강민서,Economy,29H
2713,수,KE2011,19:45,A350-900,권준우,Economy,52E
2714,수,KE2011,19:45,A350-900,오서윤,Economy,40E
2715,수,KE2011,19:45,A350-900,황지유,Economy,52H
2716,수,KE2011,19:45,A350-900,이서윤,Economy,30A
2717,수,KE2011,19:45,A350-900,황서윤,Economy,46K
2718,수,KE2011,19:45,A350-900,서채원,Economy,29K
2719,수,KE2011,19:45,A350-900,장민준,Economy,28D
2720,수,KE2011,19:45,A350-900,윤하윤,Economy,33C
2721,수,KE2011,19:45,A350-900,장지유,Economy,24K
2722,수,KE2011,19:45,A350-900,장지우,Economy,38C
2723,수,KE2011,19:45,A350-900,이지유,Economy,22A
2724,수,KE2011,19:45,A350-900,권지유,Economy,44E
2725,수,KE2011,19:45,A350-900,김지유,Economy,37B
2726,수,KE2011,19:45,A350-900,최도윤,Economy,36E
2727,수,KE2011,19:45,A350-900,한서윤,Economy,23C
2728,수,KE2011,19:45,A350-900,황현우,Economy,34C
2729,수,KE2011,19:45,A350-900,임서윤,Economy,37K
2730,수,KE2011,19:45,A350-900,최지우,Economy,32B
2731,수,KE2011,19:45,A350-900,박지훈,Economy,39B
2732,수,KE2011,19:45,A350-900,최서연,Economy,23A
2733,수,KE2011,19:45,A350-900,이지우,Economy,40D
2734,수,KE2011,19:45,A350-900,임서연,Economy,32J
2735,수,KE2011,19:45,A350-900,임윤우,Economy,21K
2736,수,KE2011,19:45,A350-900,서예준,Economy,53H
2737,수,KE2011,19:45,A350-900,한하윤,Economy,24H
2738,수,KE2011,19:45,A350-900,최지유,Economy,54H
2739,수,KE2011,19:45,A350-900,한지유,Economy,23H
2740,수,KE2011,19:45,A350-900,강윤우,Economy,27H
2741,수,KE2011,19:45,A350-900,한민서,Economy,49K
2742,수,KE2011,19:45,A350-900,강지훈,Economy,43D
2743,수,KE2011,19:45,A350-900,박현우,Economy,27A
2744,수,KE2011,19:45,A350-900,서예준,Economy,51H
2745,수,KE2011,19:45,A350-900,신서윤,Economy,33H
2746,수,KE2011,19:45,A350-900,정준우,Economy,31J
2747,수,KE2011,19:45,A350-900,한윤우,Economy,52A
2748,수,KE2011,19:45,A350-900,신현우,Economy,45B
2749,수,KE2011,19:45,A350-900,오현우,Economy,20J
2750,수,KE2011,19:45,A350-900,장윤우,Economy,23K
2751,수,KE2011,19:45,A350-900,김준우,Economy,20H
2752,수,KE2011,19:45,A350-900,신채원,Economy,37A
2753,수,KE2011,19:45,A350-900,서유준,Economy,41B
2754,수,KE2011,19:45,A350-900,이채원,Economy,30E
2755,수,KE2011,19:45,A350-900,안민준,Economy,25K
2756,수,KE2011,19:45,A350-900,최지우,Economy,36B
2757,수,KE2011,19:45,A350-900,임준우,Economy,20C
2758,수,KE2011,19:45,A350-900,윤채원,Economy,46J
2759,수,KE2011,19:45,A350-900,임준우,Economy,44H
2760,수,KE2011,19:45,A350-900,박예준,Economy,28E
2761,수,KE2011,19:45,A350-900,윤서연,Economy,33B
2762,수,KE2011,19:45,A350-900,이현우,Economy,45K
2763,수,KE2011,19:45,A350-900,한서윤,Economy,45A
2764,수,KE2011,19:45,A350-900,장민준,Economy,36J
2765,수,KE2011,19:45,A350-900,임지유,Economy,54J
2766,수,KE2011,19:45,A350-900,서서연,Economy,48H
2767,수,KE2011,19:45,A350-900,김지우,Economy,52D
2768,수,KE2011,19:45,A350-900,신수아,Economy,53E
2769,수,KE2011,19:45,A350-900,김도윤,Economy,42E
2770,수,KE2011,19:45,A350-900,정유준,Economy,38J
2771,수,KE2011,19:45,A350-900,윤현우,Economy,49E
2772,수,KE2011,19:45,A350-900,정지훈,Economy,37D
2773,수,KE2011,19:45,A350-900,한채원,Economy,25E
2774,수,KE2011,19:45,A350-900,이도윤,Economy,39J
2775,수,KE2011,19:45,A350-900,최지우,Economy,43A
2776,수,KE2011,19:45,A350-900,장민서,Economy,26B
2777,수,KE2011,19:45,A350-900,한윤우,Economy,28H
2778,수,KE2011,19:45,A350-900,서윤우,Economy,35D
2779,수,KE2011,19:45,A350-900,최지훈,Economy,26A
2780,수,KE2011,19:45,A350-900,조지훈,Economy,31A
2781,수,KE2011,19:45,A350-900,서수아,Economy,21C
2782,수,KE2011,19:45,A350-900,신지유,Economy,41K
2783,수,KE2011,19:45,A350-900,안하윤,Economy,20D
2784,수,KE2011,19:45,A350-900,조준우,Economy,49A
2785,수,KE2011,19:45,A350-900,윤지우,Economy,36C
2786,수,KE2011,19:45,A350-900,한예준,Economy,32C
2787,수,KE2011,19:45,A350-900,황현우,Economy,22K
2788,수,KE2011,19:45,A350-900,임민준,Economy,34A
2789,수,KE2011,19:45,A350-900,김윤우,Economy,34B
2790,수,KE2011,19:45,A350-900,임도윤,Economy,20A
2791,수,KE2011,19:45,A350-900,강하윤,Economy,25C
2792,수,KE2011,19:45,A350-900,이지우,Economy,38B
2793,수,KE2011,19:45,A350-900,김채원,Economy,30H
2794,수,KE2011,19:45,A350-900,한도윤,Economy,42D
2795,수,KE2011,19:45,A350-900,조지훈,Economy,41A
2796,수,KE2011,19:45,A350-900,조지훈,Economy,40B
2797,수,KE2011,19:45,A350-900,이서윤,Economy,35J
2798,수,KE2011,19:45,A350-900,최윤우,Economy,50J
2799,수,KE2011,19:45,A350-900,안민준,Economy,34D
2800,수,KE2011,19:45,A350-900,한채원,Economy,35E
2801,수,KE2011,19:45,A350-900,장예준,Economy,46D
2802,수,KE2011,19:45,A350-900,안도윤,Economy,22B
2803,수,KE2011,19:45,A350-900,한서윤,Economy,51C
2804,수,KE2011,19:45,A350-900,김준우,Economy,40K
2805,수,KE2011,19:45,A350-900,황현우,Economy,32D
2806,수,KE2011,19:45,A350-900,강민준,Economy,25A
2807,수,KE2011,19:45,A350-900,안현우,Economy,44B
2808,수,KE2011,19:45,A350-900,박유준,Economy,54K
2809,수,KE2011,19:45,A350-900,김민서,Economy,35A
2810,수,KE2011,19:45,A350-900,한서윤,Economy,21A
2811,수,KE2011,19:45,A350-900,김수아,Economy,48C
2812,수,KE2011,19:45,A350-900,황현우,Economy,44C
2813,수,KE2011,19:45,A350-900,황지우,Economy,23E
2814,수,KE2011,19:45,A350-900,윤민서,Economy,23D
2815,수,KE2011,19:45,A350-900,장서연,Economy,25J
2816,수,KE2011,19:45,A350-900,오도윤,Economy,40C
2817,수,KE2011,19:45,A350-900,서지훈,Economy,52C
2818,수,KE2011,19:45,A350-900,임지우,Economy,47J
2819,수,KE2011,19:45,A350-900,서지우,Economy,33E
2820,수,KE2011,19:45,A350-900,최민서,Economy,20K
2821,수,KE2011,19:45,A350-900,김민서,Economy,38A
2822,수,KE2011,19:45,A350-900,서예준,Economy,32K
2823,수,KE2011,19:45,A350-900,박수아,Economy,34J
2824,수,KE2011,19:45,A350-900,장예준,Economy,33D
2825,수,KE2011,19:45,A350-900,정지유,Economy,50C
2826,수,KE2011,19:45,A350-900,강지유,Economy,37E
2827,수,KE2011,19:45,A350-900,박수아,Economy,46E
2828,수,KE2011,19:45,A350-900,윤예준,Economy,40J
2829,수,KE2011,19:45,A350-900,신현우,Economy,29C
2830,수,KE2011,19:45,A350-900,정민서,Economy,40H
2831,수,KE2011,19:45,A350-900,조윤우,Economy,50E
2832,수,KE2011,19:45,A350-900,이서윤,Economy,26C
2833,수,KE2011,19:45,A350-900,서민서,Economy,22D
2834,수,KE2011,19:45,A350-900,이서윤,Economy,51K
2835,수,KE2011,19:45,A350-900,최서연,Economy,30B
2836,수,KE2011,19:45,A350-900,신예준,Economy,25B
2837,수,KE2011,19:45,A350-900,이예준,Economy,24B
2838,수,KE2011,19:45,A350-900,윤민서,Economy,49C
2839,수,KE2011,19:45,A350-900,한수아,Economy,48E
2840,수,KE2011,19:45,A350-900,강준우,Economy,28B
2841,수,KE2011,19:45,A350-900,권윤우,Economy,43K
2842,수,KE2011,19:45,A350-900,조준우,Economy,33J
2843,수,KE2011,19:45,A350-900,강예준,Economy,49H
2844,수,KE2011,19:45,A350-900,이유준,Economy,28A
2845,수,KE2011,19:45,A350-900,안채원,Economy,49B
2846,수,KE2011,19:45,A350-900,박준우,Economy,31H
2847,수,KE2011,19:45,A350-900,장수아,Economy,44K
2848,수,KE2011,19:45,A350-900,윤서윤,Economy,50B
2849,수,KE2011,19:45,A350-900,윤지훈,Economy,43C
2850,수,KE2011,19:45,A350-900,강지훈,Economy,46H
2851,수,KE2011,19:45,A350-900,안지우,Economy,27J
2852,수,KE2011,19:45,A350-900,강지훈,Economy,40A
2853,수,KE2011,19:45,A350-900,권수아,Economy,26J
2854,수,KE2011,19:45,A350-900,윤지유,Economy,51J
2855,수,KE2011,19:45,A350-900,정지훈,Economy,54B
2856,수,KE2011,19:45,A350-900,서지유,Economy,21J
2857,수,KE2011,19:45,A350-900,오현우,Economy,43J
2864,목,KE2001,8:05,A330-300,임예준,Prestige,7K
2865,목,KE2001,8:05,A330-300,한채원,Prestige,10D
2866,목,KE2001,8:05,A330-300,최서윤,Prestige,11K
2867,목,KE2001,8:05,A330-300,안하윤,Prestige,11H
2868,목,KE2001,8:05,A330-300,장하윤,Prestige,14A
2869,목,KE2001,8:05,A330-300,강민준,Prestige,9J
2870,목,KE2001,8:05,A330-300,강서윤,Prestige,10A
2871,목,KE2001,8:05,A330-300,장서윤,Prestige,12E
2872,목,KE2001,8:05,A330-300,오서윤,Prestige,10J
2873,목,KE2001,8:05,A330-300,윤지유,Prestige,11B
2874,목,KE2001,8:05,A330-300,한서윤,Prestige,9H
2875,목,KE2001,8:05,A330-300,정현우,Prestige,10E
2876,목,KE2001,8:05,A330-300,신지유,Prestige,9D
2877,목,KE2001,8:05,A330-300,권현우,Prestige,14E
2878,목,KE2001,8:05,A330-300,오민준,Prestige,13E
2879,목,KE2001,8:05,A330-300,정민서,Prestige,11C
2880,목,KE2001,8:05,A330-300,정채원,Prestige,12B
2881,목,KE2001,8:05,A330-300,이예준,Prestige,14B
2882,목,KE2001,8:05,A330-300,조하윤,Prestige,8H
2883,목,KE2001,8:05,A330-300,윤도윤,Prestige,14H
2884,목,KE2001,8:05,A330-300,황서윤,Prestige,13D
2885,목,KE2001,8:05,A330-300,오예준,Prestige,8A
2886,목,KE2001,8:05,A330-300,서예준,Prestige,14D
2887,목,KE2001,8:05,A330-300,조서연,Prestige,9K
2888,목,KE2001,8:05,A330-300,장수아,Prestige,13J
2889,목,KE2001,8:05,A330-300,오지우,Prestige,14J
2890,목,KE2001,8:05,A330-300,최서윤,Prestige,7D
2891,목,KE2001,8:05,A330-300,이민서,Prestige,9A
2892,목,KE2001,8:05,A330-300,최민준,Prestige,9B
2893,목,KE2001,8:05,A330-300,장윤우,Prestige,9C
2894,목,KE2001,8:05,A330-300,김민준,Prestige,10B
2895,목,KE2001,8:05,A330-300,강서연,Economy,46C
2896,목,KE2001,8:05,A330-300,윤서윤,Economy,50C
2897,목,KE2001,8:05,A330-300,신지유,Economy,37H
2898,목,KE2001,8:05,A330-300,오현우,Economy,34H
2899,목,KE2001,8:05,A330-300,황지훈,Economy,28B
2900,목,KE2001,8:05,A330-300,임지훈,Economy,47D
2901,목,KE2001,8:05,A330-300,윤수아,Economy,35A
2902,목,KE2001,8:05,A330-300,강지훈,Economy,28E
2903,목,KE2001,8:05,A330-300,박예준,Economy,41C
2904,목,KE2001,8:05,A330-300,안윤우,Economy,21J
2905,목,KE2001,8:05,A330-300,최민서,Economy,44E
2906,목,KE2001,8:05,A330-300,장윤우,Economy,48A
2907,목,KE2001,8:05,A330-300,황채원,Economy,38J
2908,목,KE2001,8:05,A330-300,정지훈,Economy,48K
2909,목,KE2001,8:05,A330-300,박지우,Economy,44A
2910,목,KE2001,8:05,A330-300,오민준,Economy,20K
2911,목,KE2001,8:05,A330-300,정서윤,Economy,35K
2912,목,KE2001,8:05,A330-300,한민준,Economy,27C
2913,목,KE2001,8:05,A330-300,강유준,Economy,22A
2914,목,KE2001,8:05,A330-300,조예준,Economy,33E
2915,목,KE2001,8:05,A330-300,서지우,Economy,54C
2916,목,KE2001,8:05,A330-300,안채원,Economy,49K
2917,목,KE2001,8:05,A330-300,이수아,Economy,49H
2918,목,KE2001,8:05,A330-300,장지우,Economy,35H
2919,목,KE2001,8:05,A330-300,장윤우,Economy,33B
2920,목,KE2001,8:05,A330-300,박서윤,Economy,46E
2921,목,KE2001,8:05,A330-300,서예준,Economy,47J
2922,목,KE2001,8:05,A330-300,강서윤,Economy,37K
2923,목,KE2001,8:05,A330-300,임지유,Economy,45D
2924,목,KE2001,8:05,A330-300,최수아,Economy,20A
2925,목,KE2001,8:05,A330-300,조서윤,Economy,31J
2926,목,KE2001,8:05,A330-300,박예준,Economy,51D
2927,목,KE2001,8:05,A330-300,한준우,Economy,41H
2928,목,KE2001,8:05,A330-300,장민서,Economy,27H
2929,목,KE2001,8:05,A330-300,안민서,Economy,34J
2930,목,KE2001,8:05,A330-300,황서윤,Economy,52K
2931,목,KE2001,8:05,A330-300,이수아,Economy,29A
2932,목,KE2001,8:05,A330-300,황윤우,Economy,25H
2933,목,KE2001,8:05,A330-300,신지우,Economy,44D
2934,목,KE2001,8:05,A330-300,임서윤,Economy,37B
2935,목,KE2001,8:05,A330-300,안현우,Economy,39K
2936,목,KE2001,8:05,A330-300,임채원,Economy,34A
2937,목,KE2001,8:05,A330-300,윤수아,Economy,20E
2938,목,KE2001,8:05,A330-300,서서윤,Economy,38K
2939,목,KE2001,8:05,A330-300,황도윤,Economy,20B
2940,목,KE2001,8:05,A330-300,윤유준,Economy,22E
2941,목,KE2001,8:05,A330-300,박도윤,Economy,26A
2942,목,KE2001,8:05,A330-300,한민준,Economy,53B
2943,목,KE2001,8:05,A330-300,황현우,Economy,54K
2944,목,KE2001,8:05,A330-300,임민서,Economy,49E
2945,목,KE2001,8:05,A330-300,장도윤,Economy,20D
2946,목,KE2001,8:05,A330-300,박채원,Economy,44H
2947,목,KE2001,8:05,A330-300,오준우,Economy,29H
2948,목,KE2001,8:05,A330-300,안도윤,Economy,21B
2949,목,KE2001,8:05,A330-300,서민서,Economy,50E
2950,목,KE2001,8:05,A330-300,서민서,Economy,30C
2951,목,KE2001,8:05,A330-300,최민서,Economy,54H
2952,목,KE2001,8:05,A330-300,권지우,Economy,39C
2953,목,KE2001,8:05,A330-300,안지훈,Economy,54E
2954,목,KE2001,8:05,A330-300,조민서,Economy,22B
2955,목,KE2001,8:05,A330-300,임민서,Economy,40B
2956,목,KE2001,8:05,A330-300,김예준,Economy,21K
2957,목,KE2001,8:05,A330-300,신채원,Economy,32B
2958,목,KE2001,8:05,A330-300,권도윤,Economy,29B
2959,목,KE2001,8:05,A330-300,안현우,Economy,36J
2960,목,KE2001,8:05,A330-300,정유준,Economy,32H
2961,목,KE2001,8:05,A330-300,김준우,Economy,42E
2962,목,KE2001,8:05,A330-300,장준우,Economy,33K
2963,목,KE2001,8:05,A330-300,강서윤,Economy,48E
2964,목,KE2001,8:05,A330-300,오현우,Economy,39D
2965,목,KE2001,8:05,A330-300,서유준,Economy,35J
2966,목,KE2001,8:05,A330-300,한윤우,Economy,30D
2967,목,KE2001,8:05,A330-300,윤윤우,Economy,24C
2968,목,KE2001,8:05,A330-300,강하윤,Economy,28H
2969,목,KE2001,8:05,A330-300,최서윤,Economy,53H
2970,목,KE2001,8:05,A330-300,최채원,Economy,30A
2971,목,KE2001,8:05,A330-300,안서연,Economy,43K
2972,목,KE2001,8:05,A330-300,한도윤,Economy,46D
2973,목,KE2001,8:05,A330-300,장지훈,Economy,24B
2974,목,KE2001,8:05,A330-300,박예준,Economy,26C
2975,목,KE2001,8:05,A330-300,박민서,Economy,36A
2976,목,KE2001,8:05,A330-300,강하윤,Economy,33J
2977,목,KE2001,8:05,A330-300,한하윤,Economy,40A
2978,목,KE2001,8:05,A330-300,김서윤,Economy,27B
2979,목,KE2001,8:05,A330-300,최유준,Economy,27A
2980,목,KE2001,8:05,A330-300,임유준,Economy,33C
2981,목,KE2001,8:05,A330-300,권서윤,Economy,42A
2982,목,KE2001,8:05,A330-300,오하윤,Economy,50D
2983,목,KE2001,8:05,A330-300,오준우,Economy,46B
2984,목,KE2001,8:05,A330-300,강수아,Economy,51E
2985,목,KE2001,8:05,A330-300,임준우,Economy,52B
2986,목,KE2001,8:05,A330-300,최준우,Economy,51J
2987,목,KE2001,8:05,A330-300,황지유,Economy,21H
2988,목,KE2001,8:05,A330-300,조지유,Economy,26H
2989,목,KE2001,8:05,A330-300,윤유준,Economy,30J
2990,목,KE2001,8:05,A330-300,황수아,Economy,52C
2991,목,KE2001,8:05,A330-300,강채원,Economy,32C
2992,목,KE2001,8:05,A330-300,황지유,Economy,47A
2993,목,KE2001,8:05,A330-300,김예준,Economy,24K
2994,목,KE2001,8:05,A330-300,안민준,Economy,33H
2995,목,KE2001,8:05,A330-300,장예준,Economy,49B
2996,목,KE2001,8:05,A330-300,김하윤,Economy,49J
2997,목,KE2001,8:05,A330-300,박민서,Economy,29D
2998,목,KE2001,8:05,A330-300,김민서,Economy,54B
2999,목,KE2001,8:05,A330-300,안지훈,Economy,22C
3000,목,KE2001,8:05,A330-300,권도윤,Economy,23J
3001,목,KE2001,8:05,A330-300,조하윤,Economy,43C
3002,목,KE2001,8:05,A330-300,최지우,Economy,32A
3003,목,KE2001,8:05,A330-300,윤지유,Economy,53K
3004,목,KE2001,8:05,A330-300,이지우,Economy,25B
3005,목,KE2001,8:05,A330-300,정준우,Economy,43E
3006,목,KE2001,8:05,A330-300,박윤우,Economy,36K
3007,목,KE2001,8:05,A330-300,박민준,Economy,23D
3008,목,KE2001,8:05,A330-300,임윤우,Economy,30E
3009,목,KE2001,8:05,A330-300,조채원,Economy,37A
3010,목,KE2001,8:05,A330-300,강수아,Economy,38B
3011,목,KE2001,8:05,A330-300,이서윤,Economy,53J
3012,목,KE2001,8:05,A330-300,강민서,Economy,54J
3013,목,KE2001,8:05,A330-300,장지훈,Economy,36E
3014,목,KE2001,8:05,A330-300,박준우,Economy,25K
3015,목,KE2001,8:05,A330-300,장민준,Economy,29E
3016,목,KE2001,8:05,A330-300,오하윤,Economy,41D
3017,목,KE2001,8:05,A330-300,임유준,Economy,37E
3018,목,KE2001,8:05,A330-300,임수아,Economy,48B
3019,목,KE2001,8:05,A330-300,한서윤,Economy,53E
3020,목,KE2001,8:05,A330-300,권준우,Economy,41A
3021,목,KE2001,8:05,A330-300,임예준,Economy,32J
3022,목,KE2001,8:05,A330-300,황하윤,Economy,35E
3023,목,KE2001,8:05,A330-300,황도윤,Economy,50A
3024,목,KE2001,8:05,A330-300,조민서,Economy,39H
3025,목,KE2001,8:05,A330-300,오서연,Economy,38A
3026,목,KE2001,8:05,A330-300,박수아,Economy,42B
3027,목,KE2001,8:05,A330-300,황지훈,Economy,30K
3028,목,KE2001,8:05,A330-300,황유준,Economy,27J
3029,목,KE2001,8:05,A330-300,안서윤,Economy,40J
3030,목,KE2001,8:05,A330-300,정지우,Economy,45H
3031,목,KE2001,8:05,A330-300,황유준,Economy,22J
3032,목,KE2001,8:05,A330-300,윤도윤,Economy,54D
3033,목,KE2001,8:05,A330-300,장수아,Economy,31K
3034,목,KE2001,8:05,A330-300,황준우,Economy,39B
3035,목,KE2001,8:05,A330-300,윤채원,Economy,40D
3036,목,KE2001,8:05,A330-300,이준우,Economy,38H
3037,목,KE2001,8:05,A330-300,신지유,Economy,49C
3038,목,KE2001,8:05,A330-300,박민서,Economy,35C
3039,목,KE2001,8:05,A330-300,장현우,Economy,31D
3040,목,KE2001,8:05,A330-300,임지우,Economy,32D
3041,목,KE2001,8:05,A330-300,한예준,Economy,26K
3042,목,KE2001,8:05,A330-300,조지훈,Economy,27K
3043,목,KE2001,8:05,A330-300,조민서,Economy,50H
3044,목,KE2001,8:05,A330-300,조유준,Economy,49A
3045,목,KE2001,8:05,A330-300,오도윤,Economy,28J
3046,목,KE2001,8:05,A330-300,황준우,Economy,48C
3047,목,KE2001,8:05,A330-300,이윤우,Economy,25C
3048,목,KE2001,8:05,A330-300,김현우,Economy,24E
3049,목,KE2001,8:05,A330-300,오지훈,Economy,42H
3050,목,KE2001,8:05,A330-300,김채원,Economy,29J
3051,목,KE2001,8:05,A330-300,강지유,Economy,52A
3052,목,KE2001,8:05,A330-300,윤현우,Economy,39A
3053,목,KE2001,8:05,A330-300,최예준,Economy,46A
3054,목,KE2001,8:05,A330-300,황지훈,Economy,31C
3055,목,KE2001,8:05,A330-300,안예준,Economy,38E
3056,목,KE2001,8:05,A330-300,김지훈,Economy,39J
3057,목,KE2001,8:05,A330-300,임하윤,Economy,53C
3058,목,KE2001,8:05,A330-300,권현우,Economy,40H
3059,목,KE2001,8:05,A330-300,서민준,Economy,52H
3060,목,KE2001,8:05,A330-300,황지훈,Economy,21A
3061,목,KE2001,8:05,A330-300,최서연,Economy,44C
3062,목,KE2001,8:05,A330-300,조지우,Economy,23K
3063,목,KE2001,8:05,A330-300,권지유,Economy,24J
3064,목,KE2001,8:05,A330-300,강유준,Economy,35D
3065,목,KE2001,8:05,A330-300,최민서,Economy,54A
3066,목,KE2001,8:05,A330-300,최현우,Economy,52J
3067,목,KE2005,13:25,A321-neo,안서윤,Prestige,8B
3068,목,KE2005,13:25,A321-neo,안도윤,Prestige,7E
3069,목,KE2005,13:25,A321-neo,윤서연,Prestige,12E
3070,목,KE2005,13:25,A321-neo,윤서윤,Prestige,10J
3071,목,KE2005,13:25,A321-neo,박현우,Prestige,13D
3072,목,KE2005,13:25,A321-neo,최지우,Prestige,12C
3073,목,KE2005,13:25,A321-neo,최예준,Prestige,13J
3074,목,KE2005,13:25,A321-neo,윤도윤,Prestige,10H
3075,목,KE2005,13:25,A321-neo,한윤우,Prestige,13E
3076,목,KE2005,13:25,A321-neo,이유준,Prestige,8J
3077,목,KE2005,13:25,A321-neo,신서연,Prestige,13K
3078,목,KE2005,13:25,A321-neo,오서연,Prestige,8E
3079,목,KE2005,13:25,A321-neo,최도윤,Prestige,9J
3080,목,KE2005,13:25,A321-neo,조지유,Prestige,14E
3081,목,KE2005,13:25,A321-neo,임서연,Prestige,14D
3082,목,KE2005,13:25,A321-neo,최민서,Prestige,13B
3083,목,KE2005,13:25,A321-neo,김준우,Prestige,11K
3084,목,KE2005,13:25,A321-neo,황서윤,Prestige,7B
3085,목,KE2005,13:25,A321-neo,정예준,Prestige,13C
3086,목,KE2005,13:25,A321-neo,황지유,Prestige,14A
3087,목,KE2005,13:25,A321-neo,황민준,Prestige,14K
3088,목,KE2005,13:25,A321-neo,김수아,Prestige,7D
3089,목,KE2005,13:25,A321-neo,한지우,Economy,31H
3090,목,KE2005,13:25,A321-neo,윤서연,Economy,28H
3091,목,KE2005,13:25,A321-neo,한윤우,Economy,44H
3092,목,KE2005,13:25,A321-neo,강서윤,Economy,48K
3093,목,KE2005,13:25,A321-neo,오윤우,Economy,28J
3094,목,KE2005,13:25,A321-neo,조채원,Economy,44K
3095,목,KE2005,13:25,A321-neo,신민준,Economy,44C
3096,목,KE2005,13:25,A321-neo,장유준,Economy,50C
3097,목,KE2005,13:25,A321-neo,정현우,Economy,43A
3098,목,KE2005,13:25,A321-neo,서현우,Economy,39J
3099,목,KE2005,13:25,A321-neo,서유준,Economy,53A
3100,목,KE2005,13:25,A321-neo,권지우,Economy,30E
3101,목,KE2005,13:25,A321-neo,최지훈,Economy,36J
3102,목,KE2005,13:25,A321-neo,김현우,Economy,47E
3103,목,KE2005,13:25,A321-neo,박하윤,Economy,46C
3104,목,KE2005,13:25,A321-neo,권민서,Economy,37H
3105,목,KE2005,13:25,A321-neo,장유준,Economy,52B
3106,목,KE2005,13:25,A321-neo,안윤우,Economy,21J
3107,목,KE2005,13:25,A321-neo,장유준,Economy,35H
3108,목,KE2005,13:25,A321-neo,강준우,Economy,32J
3109,목,KE2005,13:25,A321-neo,신지우,Economy,30B
3110,목,KE2005,13:25,A321-neo,정민서,Economy,38E
3111,목,KE2005,13:25,A321-neo,강지훈,Economy,42D
3112,목,KE2005,13:25,A321-neo,신수아,Economy,33K
3113,목,KE2005,13:25,A321-neo,신도윤,Economy,43B
3114,목,KE2005,13:25,A321-neo,임채원,Economy,42A
3115,목,KE2005,13:25,A321-neo,정서윤,Economy,34J
3116,목,KE2005,13:25,A321-neo,장도윤,Economy,22H
3117,목,KE2005,13:25,A321-neo,안서연,Economy,42K
3118,목,KE2005,13:25,A321-neo,박채원,Economy,34B
3119,목,KE2005,13:25,A321-neo,안현우,Economy,24E
3120,목,KE2005,13:25,A321-neo,조하윤,Economy,26J
3121,목,KE2005,13:25,A321-neo,오지훈,Economy,29B
3122,목,KE2005,13:25,A321-neo,박윤우,Economy,22K
3123,목,KE2005,13:25,A321-neo,김지우,Economy,32A
3124,목,KE2005,13:25,A321-neo,강서연,Economy,46H
3125,목,KE2005,13:25,A321-neo,강수아,Economy,52E
3126,목,KE2005,13:25,A321-neo,장준우,Economy,37K
3127,목,KE2005,13:25,A321-neo,박지유,Economy,50J
3128,목,KE2005,13:25,A321-neo,조하윤,Economy,36D
3129,목,KE2005,13:25,A321-neo,한수아,Economy,54D
3130,목,KE2005,13:25,A321-neo,박민서,Economy,35A
3131,목,KE2005,13:25,A321-neo,신현우,Economy,35J
3132,목,KE2005,13:25,A321-neo,오도윤,Economy,21K
3133,목,KE2005,13:25,A321-neo,윤지우,Economy,25A
3134,목,KE2005,13:25,A321-neo,서채원,Economy,26E
3135,목,KE2005,13:25,A321-neo,박예준,Economy,28A
3136,목,KE2005,13:25,A321-neo,안서연,Economy,48J
3137,목,KE2005,13:25,A321-neo,장도윤,Economy,52K
3138,목,KE2005,13:25,A321-neo,황지유,Economy,36H
3139,목,KE2005,13:25,A321-neo,서민서,Economy,47B
3140,목,KE2005,13:25,A321-neo,임서연,Economy,26K
3141,목,KE2005,13:25,A321-neo,최지훈,Economy,51A
3142,목,KE2005,13:25,A321-neo,김채원,Economy,47C
3143,목,KE2005,13:25,A321-neo,권예준,Economy,31D
3144,목,KE2005,13:25,A321-neo,최서연,Economy,27A
3145,목,KE2005,13:25,A321-neo,서도윤,Economy,46E
3146,목,KE2005,13:25,A321-neo,강윤우,Economy,24K
3147,목,KE2005,13:25,A321-neo,한지우,Economy,49D
3148,목,KE2005,13:25,A321-neo,윤현우,Economy,36K
3149,목,KE2005,13:25,A321-neo,김서연,Economy,30D
3150,목,KE2005,13:25,A321-neo,이예준,Economy,53C
3151,목,KE2005,13:25,A321-neo,정수아,Economy,38D
3152,목,KE2005,13:25,A321-neo,최지훈,Economy,53J
3153,목,KE2005,13:25,A321-neo,이민준,Economy,26A
3154,목,KE2005,13:25,A321-neo,서준우,Economy,41E
3155,목,KE2005,13:25,A321-neo,장민준,Economy,22C
3156,목,KE2005,13:25,A321-neo,윤서연,Economy,27H
3157,목,KE2005,13:25,A321-neo,박지훈,Economy,32D
3158,목,KE2005,13:25,A321-neo,서지훈,Economy,54A
3159,목,KE2005,13:25,A321-neo,장현우,Economy,31C
3160,목,KE2005,13:25,A321-neo,안지유,Economy,30K
3161,목,KE2005,13:25,A321-neo,윤서연,Economy,34H
3162,목,KE2005,13:25,A321-neo,신서연,Economy,41A
3163,목,KE2005,13:25,A321-neo,한채원,Economy,47K
3164,목,KE2005,13:25,A321-neo,한하윤,Economy,46D
3165,목,KE2005,13:25,A321-neo,박지우,Economy,25C
3166,목,KE2005,13:25,A321-neo,정민서,Economy,45A
3167,목,KE2005,13:25,A321-neo,오도윤,Economy,47D
3168,목,KE2005,13:25,A321-neo,강하윤,Economy,41B
3169,목,KE2005,13:25,A321-neo,권지유,Economy,46B
3170,목,KE2005,13:25,A321-neo,오서윤,Economy,37D
3171,목,KE2005,13:25,A321-neo,김민서,Economy,30J
3172,목,KE2005,13:25,A321-neo,정하윤,Economy,27D
3173,목,KE2005,13:25,A321-neo,정수아,Economy,23J
3174,목,KE2005,13:25,A321-neo,임준우,Economy,37A
3175,목,KE2005,13:25,A321-neo,오민준,Economy,22A
3176,목,KE2005,13:25,A321-neo,조도윤,Economy,32B
3177,목,KE2005,13:25,A321-neo,박지훈,Economy,49B
3178,목,KE2005,13:25,A321-neo,신지우,Economy,31K
3179,목,KE2005,13:25,A321-neo,윤채원,Economy,23K
3180,목,KE2005,13:25,A321-neo,장유준,Economy,46A
3181,목,KE2005,13:25,A321-neo,오채원,Economy,52J
3182,목,KE2005,13:25,A321-neo,조수아,Economy,24B
3183,목,KE2005,13:25,A321-neo,신채원,Economy,44E
3184,목,KE2005,13:25,A321-neo,안준우,Economy,41H
3185,목,KE2005,13:25,A321-neo,신예준,Economy,39D
3186,목,KE2005,13:25,A321-neo,서지훈,Economy,37C
3187,목,KE2005,13:25,A321-neo,안하윤,Economy,23B
3188,목,KE2005,13:25,A321-neo,신민서,Economy,48C
3189,목,KE2005,13:25,A321-neo,윤민준,Economy,40B
3190,목,KE2005,13:25,A321-neo,윤도윤,Economy,54E
3191,목,KE2005,13:25,A321-neo,최예준,Economy,49C
3192,목,KE2005,13:25,A321-neo,강지우,Economy,41J
3193,목,KE2005,13:25,A321-neo,안지훈,Economy,42B
3194,목,KE2005,13:25,A321-neo,한서윤,Economy,38B
3195,목,KE2005,13:25,A321-neo,이지유,Economy,21E
3196,목,KE2005,13:25,A321-neo,신서윤,Economy,40K
3197,목,KE2005,13:25,A321-neo,정윤우,Economy,44J
3198,목,KE2005,13:25,A321-neo,조수아,Economy,49J
3199,목,KE2005,13:25,A321-neo,정현우,Economy,21B
3200,목,KE2005,13:25,A321-neo,한민준,Economy,26D
3201,목,KE2005,13:25,A321-neo,황예준,Economy,33C
3202,목,KE2005,13:25,A321-neo,김민준,Economy,51B
3203,목,KE2005,13:25,A321-neo,장지유,Economy,48D
3204,목,KE2005,13:25,A321-neo,최유준,Economy,49H
3205,목,KE2005,13:25,A321-neo,강수아,Economy,49K
3206,목,KE2005,13:25,A321-neo,권유준,Economy,27C
3207,목,KE2005,13:25,A321-neo,임수아,Economy,26B
3208,목,KE2005,13:25,A321-neo,안서연,Economy,31A
3209,목,KE2005,13:25,A321-neo,윤준우,Economy,43E
3210,목,KE2005,13:25,A321-neo,서수아,Economy,42J
3211,목,KE2005,13:25,A321-neo,최현우,Economy,38H
3212,목,KE2005,13:25,A321-neo,윤하윤,Economy,51J
3213,목,KE2005,13:25,A321-neo,장서윤,Economy,21H
3214,목,KE2005,13:25,A321-neo,장수아,Economy,53K
3215,목,KE2005,13:25,A321-neo,이서연,Economy,26C
3216,목,KE2005,13:25,A321-neo,한하윤,Economy,35B
3217,목,KE2005,13:25,A321-neo,안준우,Economy,34A
3218,목,KE2005,13:25,A321-neo,조지우,Economy,52D
3219,목,KE2005,13:25,A321-neo,조서윤,Economy,29E
3220,목,KE2005,13:25,A321-neo,김채원,Economy,43J
3221,목,KE2005,13:25,A321-neo,최현우,Economy,32K
3222,목,KE2005,13:25,A321-neo,안서윤,Economy,50D
3223,목,KE2005,13:25,A321-neo,이채원,Economy,54K
3224,목,KE2005,13:25,A321-neo,황준우,Economy,39K
3225,목,KE2005,13:25,A321-neo,이민서,Economy,20J
3226,목,KE2005,13:25,A321-neo,윤서연,Economy,38J
3227,목,KE2005,13:25,A321-neo,안하윤,Economy,31E
3228,목,KE2005,13:25,A321-neo,이민서,Economy,39A
3229,목,KE2005,13:25,A321-neo,정지훈,Economy,20K
3230,목,KE2005,13:25,A321-neo,황민서,Economy,29K
3231,목,KE2005,13:25,A321-neo,장예준,Economy,53E
3232,목,KE2005,13:25,A321-neo,서현우,Economy,25J
3233,목,KE2005,13:25,A321-neo,조수아,Economy,54J
3234,목,KE2005,13:25,A321-neo,서도윤,Economy,45H
3235,목,KE2005,13:25,A321-neo,강수아,Economy,35C
3236,목,KE2005,13:25,A321-neo,최준우,Economy,22D
3237,목,KE2005,13:25,A321-neo,정민준,Economy,22E
3238,목,KE2005,13:25,A321-neo,임서윤,Economy,43D
3239,목,KE2005,13:25,A321-neo,장현우,Economy,50B
3240,목,KE2005,13:25,A321-neo,한윤우,Economy,45D
3241,목,KE2005,13:25,A321-neo,이지우,Economy,33E
3242,목,KE2005,13:25,A321-neo,장서윤,Economy,34D
3243,목,KE2005,13:25,A321-neo,강채원,Economy,31B
3244,목,KE2005,13:25,A321-neo,오지우,Economy,33D
3245,목,KE2005,13:25,A321-neo,안서연,Economy,51D
3246,목,KE2005,13:25,A321-neo,이서윤,Economy,43H
3247,목,KE2005,13:25,A321-neo,강민서,Economy,53B
3248,목,KE2005,13:25,A321-neo,김도윤,Economy,37B
3249,목,KE2005,13:25,A321-neo,오하윤,Economy,22B
3250,목,KE2005,13:25,A321-neo,서지우,Economy,37J
3251,목,KE2005,13:25,A321-neo,안현우,Economy,54H
3252,목,KE2005,13:25,A321-neo,임민준,Economy,43C
3253,목,KE2005,13:25,A321-neo,최민준,Economy,46K
3254,목,KE2005,13:25,A321-neo,임현우,Economy,48B
3255,목,KE2005,13:25,A321-neo,장윤우,Economy,36E
3256,목,KE2005,13:25,A321-neo,정하윤,Economy,43K
3257,목,KE2005,13:25,A321-neo,안채원,Economy,24J
3258,목,KE2005,13:25,A321-neo,장도윤,Economy,45E
3259,목,KE2005,13:25,A330-300,황민서,Economy,36A
3260,목,KE2005,13:25,A321-neo,오서윤,Economy,20E
3261,목,KE2005,13:25,A321-neo,최지훈,Economy,51H
3262,목,KE2005,13:25,A321-neo,신민서,Economy,26H
3263,목,KE2005,13:25,A321-neo,박서윤,Economy,20D
3264,목,KE2005,13:25,A321-neo,강민준,Economy,44D
3265,목,KE2005,13:25,A321-neo,임수아,Economy,41C
3266,목,KE2005,13:25,A321-neo,오도윤,Economy,50E
3267,목,KE2011,19:45,A350-900,안유준,Prestige,8B
3268,목,KE2011,19:45,A350-900,조윤우,Prestige,13A
3269,목,KE2011,19:45,A350-900,서지우,Prestige,12J
3270,목,KE2011,19:45,A350-900,서현우,Prestige,13D
3271,목,KE2011,19:45,A350-900,황도윤,Prestige,9B
3272,목,KE2011,19:45,A350-900,박예준,Prestige,9J
3273,목,KE2011,19:45,A350-900,강지유,Prestige,9C
3274,목,KE2011,19:45,A350-900,서채원,Prestige,7C
3275,목,KE2011,19:45,A350-900,안지유,Prestige,12B
3276,목,KE2011,19:45,A350-900,권준우,Prestige,7D
3277,목,KE2011,19:45,A350-900,박민서,Prestige,7H
3278,목,KE2011,19:45,A350-900,이서연,Prestige,14C
3279,목,KE2011,19:45,A350-900,안지유,Prestige,14A
3280,목,KE2011,19:45,A350-900,최도윤,Prestige,8J
3281,목,KE2011,19:45,A350-900,권민서,Prestige,14D
3282,목,KE2011,19:45,A350-900,오하윤,Prestige,13B
3283,목,KE2011,19:45,A350-900,황준우,Prestige,10A
3284,목,KE2011,19:45,A350-900,임지유,Prestige,10K
3285,목,KE2011,19:45,A350-900,정현우,Prestige,10C
3286,목,KE2011,19:45,A350-900,오서윤,Prestige,12D
3287,목,KE2011,19:45,A350-900,강채원,Economy,47D
3288,목,KE2011,19:45,A350-900,임민준,Economy,24B
3289,목,KE2011,19:45,A350-900,강수아,Economy,54A
3290,목,KE2011,19:45,A350-900,신도윤,Economy,40A
3291,목,KE2011,19:45,A350-900,최서윤,Economy,53D
3292,목,KE2011,19:45,A350-900,윤서윤,Economy,33B
3293,목,KE2011,19:45,A350-900,강준우,Economy,51E
3294,목,KE2011,19:45,A350-900,안지훈,Economy,31D
3295,목,KE2011,19:45,A350-900,오지훈,Economy,25A
3296,목,KE2011,19:45,A350-900,황민서,Economy,48J
3297,목,KE2011,19:45,A350-900,조유준,Economy,49D
3298,목,KE2011,19:45,A350-900,이유준,Economy,22K
3299,목,KE2011,19:45,A350-900,오서연,Economy,34J
3300,목,KE2011,19:45,A350-900,오준우,Economy,31H
3301,목,KE2011,19:45,A350-900,황민서,Economy,39E
3302,목,KE2011,19:45,A350-900,윤수아,Economy,24D
3303,목,KE2011,19:45,A350-900,서윤우,Economy,53H
3304,목,KE2011,19:45,A350-900,조지우,Economy,49A
3305,목,KE2011,19:45,A350-900,임민준,Economy,22E
3306,목,KE2011,19:45,A350-900,강민서,Economy,49B
3307,목,KE2011,19:45,A350-900,임윤우,Economy,53J
3308,목,KE2011,19:45,A350-900,최도윤,Economy,26B
3309,목,KE2011,19:45,A350-900,강서윤,Economy,42K
3310,목,KE2011,19:45,A350-900,권지유,Economy,36H
3311,목,KE2011,19:45,A350-900,임지우,Economy,35D
3312,목,KE2011,19:45,A350-900,안민준,Economy,36C
3313,목,KE2011,19:45,A350-900,최지우,Economy,30J
3314,목,KE2011,19:45,A350-900,조지우,Economy,45B
3315,목,KE2011,19:45,A350-900,한도윤,Economy,45H
3316,목,KE2011,19:45,A350-900,오서연,Economy,39C
3317,목,KE2011,19:45,A350-900,정지훈,Economy,22D
3318,목,KE2011,19:45,A350-900,김하윤,Economy,35A
3319,목,KE2011,19:45,A350-900,안민서,Economy,41J
3320,목,KE2011,19:45,A350-900,황현우,Economy,43D
3321,목,KE2011,19:45,A350-900,정지유,Economy,35C
3322,목,KE2011,19:45,A350-900,신현우,Economy,44A
3323,목,KE2011,19:45,A350-900,한예준,Economy,29H
3324,목,KE2011,19:45,A350-900,오유준,Economy,29J
3325,목,KE2011,19:45,A350-900,오민준,Economy,39B
3326,목,KE2011,19:45,A350-900,최수아,Economy,35E
3327,목,KE2011,19:45,A350-900,권유준,Economy,24K
3328,목,KE2011,19:45,A350-900,이지유,Economy,49H
3329,목,KE2011,19:45,A350-900,최현우,Economy,34E
3330,목,KE2011,19:45,A350-900,이예준,Economy,49J
3331,목,KE2011,19:45,A350-900,이윤우,Economy,20K
3332,목,KE2011,19:45,A350-900,한유준,Economy,41B
3333,목,KE2011,19:45,A350-900,정민서,Economy,31J
3334,목,KE2011,19:45,A350-900,윤민서,Economy,53E
3335,목,KE2011,19:45,A350-900,황서연,Economy,48D
3336,목,KE2011,19:45,A350-900,장채원,Economy,50J
3337,목,KE2011,19:45,A350-900,권준우,Economy,38C
3338,목,KE2011,19:45,A350-900,윤채원,Economy,54C
3339,목,KE2011,19:45,A350-900,최윤우,Economy,23J
3340,목,KE2011,19:45,A350-900,황민준,Economy,36J
3341,목,KE2011,19:45,A350-900,임하윤,Economy,44K
3342,목,KE2011,19:45,A350-900,신서연,Economy,52B
3343,목,KE2011,19:45,A350-900,임민준,Economy,43C
3344,목,KE2011,19:45,A350-900,권예준,Economy,44E
3345,목,KE2011,19:45,A350-900,정민서,Economy,32D
3346,목,KE2011,19:45,A350-900,권윤우,Economy,48E
3347,목,KE2011,19:45,A350-900,황지유,Economy,30H
3348,목,KE2011,19:45,A350-900,신예준,Economy,52E
3349,목,KE2011,19:45,A350-900,윤지우,Economy,24E
3350,목,KE2011,19:45,A350-900,조도윤,Economy,36K
3351,목,KE2011,19:45,A350-900,안지유,Economy,54E
3352,목,KE2011,19:45,A350-900,신지우,Economy,21H
3353,목,KE2011,19:45,A350-900,조도윤,Economy,30K
3354,목,KE2011,19:45,A350-900,오서윤,Economy,43B
3355,목,KE2011,19:45,A350-900,권하윤,Economy,31C
3356,목,KE2011,19:45,A350-900,박민서,Economy,22A
3357,목,KE2011,19:45,A350-900,오도윤,Economy,27K
3358,목,KE2011,19:45,A350-900,조채원,Economy,20B
3359,목,KE2011,19:45,A350-900,임지훈,Economy,23B
3360,목,KE2011,19:45,A350-900,오하윤,Economy,49C
3361,목,KE2011,19:45,A350-900,권서연,Economy,42J
3362,목,KE2011,19:45,A350-900,서윤우,Economy,26A
3363,목,KE2011,19:45,A350-900,오지우,Economy,47H
3364,목,KE2011,19:45,A350-900,장유준,Economy,20C
3365,목,KE2011,19:45,A350-900,임하윤,Economy,42H
3366,목,KE2011,19:45,A350-900,황하윤,Economy,52H
3367,목,KE2011,19:45,A350-900,한지훈,Economy,42B
3368,목,KE2011,19:45,A350-900,장채원,Economy,51K
3369,목,KE2011,19:45,A350-900,정서연,Economy,46A
3370,목,KE2011,19:45,A350-900,권하윤,Economy,26C
3371,목,KE2011,19:45,A350-900,권민서,Economy,21E
3372,목,KE2011,19:45,A350-900,윤민준,Economy,36D
3373,목,KE2011,19:45,A350-900,강서윤,Economy,39D
3374,목,KE2011,19:45,A350-900,안서윤,Economy,52A
3375,목,KE2011,19:45,A350-900,조지유,Economy,38D
3376,목,KE2011,19:45,A350-900,장수아,Economy,41D
3377,목,KE2011,19:45,A350-900,황지유,Economy,42C
3378,목,KE2011,19:45,A350-900,안채원,Economy,50D
3379,목,KE2011,19:45,A350-900,강민준,Economy,32K
3380,목,KE2011,19:45,A350-900,박유준,Economy,52K
3381,목,KE2011,19:45,A350-900,서하윤,Economy,23D
3382,목,KE2011,19:45,A350-900,박지우,Economy,26J
3383,목,KE2011,19:45,A350-900,정하윤,Economy,37H
3384,목,KE2011,19:45,A350-900,서예준,Economy,29E
3385,목,KE2011,19:45,A350-900,강서윤,Economy,22J
3386,목,KE2011,19:45,A350-900,신하윤,Economy,39K
3387,목,KE2011,19:45,A350-900,강윤우,Economy,23C
3388,목,KE2011,19:45,A350-900,황지우,Economy,30A
3389,목,KE2011,19:45,A350-900,최민서,Economy,42D
3390,목,KE2011,19:45,A350-900,황서윤,Economy,33H
3391,목,KE2011,19:45,A350-900,안유준,Economy,41E
3392,목,KE2011,19:45,A350-900,서지훈,Economy,25D
3393,목,KE2011,19:45,A350-900,이서연,Economy,45K
3394,목,KE2011,19:45,A350-900,정지우,Economy,29A
3395,목,KE2011,19:45,A350-900,한지훈,Economy,31B
3396,목,KE2011,19:45,A350-900,강서연,Economy,47A
3397,목,KE2011,19:45,A350-900,서민서,Economy,25C
3398,목,KE2011,19:45,A350-900,서민준,Economy,51J
3399,목,KE2011,19:45,A350-900,이민준,Economy,25E
3400,목,KE2011,19:45,A350-900,권예준,Economy,37D
3401,목,KE2011,19:45,A350-900,이윤우,Economy,30E
3402,목,KE2011,19:45,A350-900,권지훈,Economy,30B
3403,목,KE2011,19:45,A350-900,강지유,Economy,44C
3404,목,KE2011,19:45,A350-900,윤수아,Economy,23A
3405,목,KE2011,19:45,A350-900,신하윤,Economy,47E
3406,목,KE2011,19:45,A350-900,정도윤,Economy,20D
3407,목,KE2011,19:45,A350-900,황현우,Economy,33K
3408,목,KE2011,19:45,A350-900,정서윤,Economy,26K
3409,목,KE2011,19:45,A350-900,조유준,Economy,32C
3410,목,KE2011,19:45,A350-900,권준우,Economy,51A
3411,목,KE2011,19:45,A350-900,박준우,Economy,36E
3412,목,KE2011,19:45,A350-900,안지훈,Economy,39J
3413,목,KE2011,19:45,A350-900,박현우,Economy,34D
3414,목,KE2011,19:45,A350-900,윤서윤,Economy,33A
3415,목,KE2011,19:45,A350-900,윤지우,Economy,48A
3416,목,KE2011,19:45,A350-900,조민서,Economy,22H
3417,목,KE2011,19:45,A350-900,조서연,Economy,45J
3418,목,KE2011,19:45,A350-900,정하윤,Economy,50E
3419,목,KE2011,19:45,A350-900,한서윤,Economy,25K
3420,목,KE2011,19:45,A350-900,임서윤,Economy,51C
3421,목,KE2011,19:45,A350-900,안준우,Economy,30C
3422,목,KE2011,19:45,A350-900,권유준,Economy,37B
3423,목,KE2011,19:45,A350-900,오현우,Economy,21C
3424,목,KE2011,19:45,A350-900,조채원,Economy,53B
3425,목,KE2011,19:45,A350-900,임윤우,Economy,20E
3426,목,KE2011,19:45,A350-900,신지유,Economy,24C
3427,목,KE2011,19:45,A350-900,박민서,Economy,21K
3428,목,KE2011,19:45,A350-900,황민서,Economy,22B
3429,목,KE2011,19:45,A350-900,서지훈,Economy,52D
3430,목,KE2011,19:45,A350-900,오서연,Economy,54H
3431,목,KE2011,19:45,A350-900,황지유,Economy,54D
3432,목,KE2011,19:45,A350-900,김민서,Economy,44B
3433,목,KE2011,19:45,A350-900,권지훈,Economy,40K
3434,목,KE2011,19:45,A350-900,오서윤,Economy,24A
3435,목,KE2011,19:45,A350-900,장민서,Economy,38B
3436,목,KE2011,19:45,A350-900,박민준,Economy,41C
3437,목,KE2011,19:45,A350-900,임지유,Economy,33C
3438,목,KE2011,19:45,A350-900,윤준우,Economy,33E
3439,목,KE2011,19:45,A350-900,윤도윤,Economy,34B
3440,목,KE2011,19:45,A350-900,권서윤,Economy,46D
3441,목,KE2011,19:45,A350-900,서민서,Economy,47K
3442,목,KE2011,19:45,A350-900,김채원,Economy,44J
3443,목,KE2011,19:45,A350-900,정서윤,Economy,37J
3444,목,KE2011,19:45,A350-900,강지유,Economy,38H
3445,목,KE2011,19:45,A350-900,한민서,Economy,51H
3446,목,KE2011,19:45,A350-900,조지유,Economy,37A
3447,목,KE2011,19:45,A350-900,신유준,Economy,30D
3448,목,KE2011,19:45,A350-900,장지우,Economy,41K
3449,목,KE2011,19:45,A350-900,황지유,Economy,43A
3450,목,KE2011,19:45,A350-900,임서연,Economy,38E
3451,목,KE2011,19:45,A350-900,조지훈,Economy,21B
3452,목,KE2011,19:45,A350-900,정서연,Economy,23H
3453,목,KE2011,19:45,A350-900,오윤우,Economy,50K
3454,목,KE2011,19:45,A350-900,장윤우,Economy,20J
3455,목,KE2011,19:45,A350-900,정윤우,Economy,20A
3456,목,KE2011,19:45,A350-900,이지훈,Economy,40H
3457,목,KE2011,19:45,A350-900,서준우,Economy,54B
3458,목,KE2011,19:45,A350-900,장지우,Economy,49E
3459,목,KE2011,19:45,A350-900,윤예준,Economy,43J
3460,목,KE2011,19:45,A350-900,신윤우,Economy,42A
3461,목,KE2011,19:45,A350-900,황서연,Economy,35J
3462,목,KE2011,19:45,A350-900,이도윤,Economy,28H
3463,목,KE2011,19:45,A350-900,권민준,Economy,50C
3464,목,KE2011,19:45,A350-900,박예준,Economy,29D
3465,목,KE2011,19:45,A350-900,한민준,Economy,32J
3466,목,KE2011,19:45,A350-900,서유준,Economy,40D
3467,목,KE2011,19:45,A350-900,임유준,Economy,32E
3468,목,KE2011,19:45,A350-900,최지훈,Economy,27H
3469,목,KE2011,19:45,A350-900,정민준,Economy,41A
3470,목,KE2011,19:45,A350-900,이지훈,Economy,37E
3471,목,KE2011,19:45,A350-900,이지유,Economy,52J
3472,목,KE2011,19:45,A350-900,최준우,Economy,21D
3473,목,KE2011,19:45,A350-900,서지우,Economy,29K
3481,금,KE2001,8:05,A330-300,조윤우,Prestige,10A
3482,금,KE2001,8:05,A330-300,장하윤,Prestige,14D
3483,금,KE2001,8:05,A330-300,최민서,Prestige,11C
3484,금,KE2001,8:05,A330-300,김수아,Prestige,13E
3485,금,KE2001,8:05,A330-300,이준우,Prestige,12D
3486,금,KE2001,8:05,A330-300,서지유,Prestige,9C
3487,금,KE2001,8:05,A330-300,임도윤,Prestige,13K
3488,금,KE2001,8:05,A330-300,이하윤,Prestige,9D
3489,금,KE2001,8:05,A330-300,권지우,Prestige,14J
3490,금,KE2001,8:05,A330-300,조유준,Prestige,10H
3491,금,KE2001,8:05,A330-300,조민준,Prestige,9B
3492,금,KE2001,8:05,A330-300,안윤우,Prestige,14C
3493,금,KE2001,8:05,A330-300,조채원,Prestige,11J
3494,금,KE2001,8:05,A330-300,임수아,Prestige,12E
3495,금,KE2001,8:05,A330-300,최지훈,Prestige,8H
3496,금,KE2001,8:05,A330-300,이준우,Prestige,12K
3497,금,KE2001,8:05,A330-300,신지유,Prestige,7K
3498,금,KE2001,8:05,A330-300,박유준,Prestige,12B
3499,금,KE2001,8:05,A330-300,강현우,Prestige,10E
3500,금,KE2001,8:05,A330-300,황민준,Prestige,9J
3501,금,KE2001,8:05,A330-300,오민준,Prestige,10K
3502,금,KE2001,8:05,A330-300,장예준,Prestige,9A
3503,금,KE2001,8:05,A330-300,황채원,Prestige,12A
3504,금,KE2001,8:05,A330-300,박서연,Prestige,13B
3505,금,KE2001,8:05,A330-300,한하윤,Prestige,10J
3506,금,KE2001,8:05,A330-300,권지우,Prestige,11K
3507,금,KE2001,8:05,A330-300,강유준,Prestige,7E
3508,금,KE2001,8:05,A330-300,조채원,Prestige,11D
3509,금,KE2001,8:05,A330-300,윤서윤,Prestige,8J
3510,금,KE2001,8:05,A330-300,조윤우,Prestige,11A
3511,금,KE2001,8:05,A330-300,장유준,Prestige,10C
3512,금,KE2001,8:05,A330-300,오채원,Prestige,9K
3513,금,KE2001,8:05,A330-300,권유준,Prestige,12H
3514,금,KE2001,8:05,A330-300,서유준,Prestige,7D
3515,금,KE2001,8:05,A330-300,안현우,Prestige,7A
3516,금,KE2001,8:05,A330-300,박서윤,Prestige,11E
3517,금,KE2001,8:05,A330-300,황서연,Prestige,8D
3518,금,KE2001,8:05,A330-300,권현우,Prestige,13A
3519,금,KE2001,8:05,A330-300,정윤우,Prestige,7H
3520,금,KE2001,8:05,A330-300,임지유,Prestige,13J
3521,금,KE2001,8:05,A330-300,김채원,Prestige,11H
3522,금,KE2001,8:05,A330-300,장예준,Economy,21A
3523,금,KE2001,8:05,A330-300,신도윤,Economy,46H
3524,금,KE2001,8:05,A330-300,윤서연,Economy,20D
3525,금,KE2001,8:05,A330-300,안서연,Economy,53D
3526,금,KE2001,8:05,A330-300,한지유,Economy,21B
3527,금,KE2001,8:05,A330-300,장서윤,Economy,36B
3528,금,KE2001,8:05,A330-300,윤준우,Economy,35K
3529,금,KE2001,8:05,A330-300,안현우,Economy,22B
3530,금,KE2001,8:05,A330-300,윤예준,Economy,34E
3531,금,KE2001,8:05,A330-300,정윤우,Economy,29K
3532,금,KE2001,8:05,A330-300,장준우,Economy,34H
3533,금,KE2001,8:05,A330-300,장민서,Economy,46A
3534,금,KE2001,8:05,A330-300,장도윤,Economy,31B
3535,금,KE2001,8:05,A330-300,한수아,Economy,31C
3536,금,KE2001,8:05,A330-300,한민서,Economy,47K
3537,금,KE2001,8:05,A330-300,최지훈,Economy,46C
3538,금,KE2001,8:05,A330-300,강민서,Economy,28C
3539,금,KE2001,8:05,A330-300,최서연,Economy,53J
3540,금,KE2001,8:05,A330-300,강서윤,Economy,42D
3541,금,KE2001,8:05,A330-300,정서연,Economy,35C
3542,금,KE2001,8:05,A330-300,서준우,Economy,43C
3543,금,KE2001,8:05,A330-300,임채원,Economy,41K
3544,금,KE2001,8:05,A330-300,신하윤,Economy,33C
3545,금,KE2001,8:05,A330-300,박수아,Economy,26A
3546,금,KE2001,8:05,A330-300,권윤우,Economy,49E
3547,금,KE2001,8:05,A330-300,임준우,Economy,51D
3548,금,KE2001,8:05,A330-300,조서연,Economy,47C
3549,금,KE2001,8:05,A330-300,오서연,Economy,20A
3550,금,KE2001,8:05,A330-300,정민서,Economy,48J
3551,금,KE2001,8:05,A330-300,임민서,Economy,41B
3552,금,KE2001,8:05,A330-300,한민준,Economy,27E
3553,금,KE2001,8:05,A330-300,황하윤,Economy,23D
3554,금,KE2001,8:05,A330-300,서서윤,Economy,25E
3555,금,KE2001,8:05,A330-300,정채원,Economy,20E
3556,금,KE2001,8:05,A330-300,조윤우,Economy,41H
3557,금,KE2001,8:05,A330-300,박서윤,Economy,23A
3558,금,KE2001,8:05,A330-300,이하윤,Economy,45K
3559,금,KE2001,8:05,A330-300,정민서,Economy,26B
3560,금,KE2001,8:05,A330-300,이하윤,Economy,25J
3561,금,KE2001,8:05,A330-300,김민준,Economy,41J
3562,금,KE2001,8:05,A330-300,임수아,Economy,39D
3563,금,KE2001,8:05,A330-300,오지유,Economy,49D
3564,금,KE2001,8:05,A330-300,임민서,Economy,28B
3565,금,KE2001,8:05,A330-300,안윤우,Economy,21H
3566,금,KE2001,8:05,A330-300,최준우,Economy,52H
3567,금,KE2001,8:05,A330-300,박유준,Economy,54E
3568,금,KE2001,8:05,A330-300,장채원,Economy,54K
3569,금,KE2001,8:05,A330-300,장준우,Economy,50H
3570,금,KE2001,8:05,A330-300,한지유,Economy,24A
3571,금,KE2001,8:05,A330-300,윤도윤,Economy,53H
3572,금,KE2001,8:05,A330-300,박수아,Economy,29E
3573,금,KE2001,8:05,A330-300,최준우,Economy,47A
3574,금,KE2001,8:05,A330-300,윤민서,Economy,27B
3575,금,KE2001,8:05,A330-300,임하윤,Economy,36D
3576,금,KE2001,8:05,A330-300,황예준,Economy,47B
3577,금,KE2001,8:05,A330-300,최현우,Economy,21D
3578,금,KE2001,8:05,A330-300,이지우,Economy,39K
3579,금,KE2001,8:05,A330-300,장민준,Economy,44J
3580,금,KE2001,8:05,A330-300,오수아,Economy,44D
3581,금,KE2001,8:05,A330-300,정예준,Economy,49H
3582,금,KE2001,8:05,A330-300,최현우,Economy,21C
3583,금,KE2001,8:05,A330-300,안현우,Economy,30J
3584,금,KE2001,8:05,A330-300,안서윤,Economy,45C
3585,금,KE2001,8:05,A330-300,안하윤,Economy,51C
3586,금,KE2001,8:05,A330-300,박서윤,Economy,49K
3587,금,KE2001,8:05,A330-300,윤지훈,Economy,50A
3588,금,KE2001,8:05,A330-300,오민준,Economy,41C
3589,금,KE2001,8:05,A330-300,서하윤,Economy,45A
3590,금,KE2001,8:05,A330-300,신하윤,Economy,22J
3591,금,KE2001,8:05,A330-300,조지훈,Economy,39E
3592,금,KE2001,8:05,A330-300,정유준,Economy,28K
3593,금,KE2001,8:05,A330-300,임도윤,Economy,31K
3594,금,KE2001,8:05,A330-300,윤민서,Economy,27A
3595,금,KE2001,8:05,A330-300,신민준,Economy,46J
3596,금,KE2001,8:05,A330-300,서예준,Economy,26D
3597,금,KE2001,8:05,A330-300,최민준,Economy,46D
3598,금,KE2001,8:05,A330-300,김지우,Economy,29B
3599,금,KE2001,8:05,A330-300,서하윤,Economy,43H
3600,금,KE2001,8:05,A330-300,임도윤,Economy,34D
3601,금,KE2001,8:05,A330-300,조민서,Economy,35B
3602,금,KE2001,8:05,A330-300,이서연,Economy,36C
3603,금,KE2001,8:05,A330-300,임예준,Economy,44H
3604,금,KE2001,8:05,A330-300,권하윤,Economy,36H
3605,금,KE2001,8:05,A330-300,강도윤,Economy,29H
3606,금,KE2001,8:05,A330-300,안현우,Economy,45D
3607,금,KE2001,8:05,A330-300,임현우,Economy,25C
3608,금,KE2001,8:05,A330-300,조지우,Economy,23C
3609,금,KE2001,8:05,A330-300,황수아,Economy,49A
3610,금,KE2001,8:05,A330-300,안서윤,Economy,39C
3611,금,KE2001,8:05,A330-300,오준우,Economy,38B
3612,금,KE2001,8:05,A330-300,강준우,Economy,28H
3613,금,KE2001,8:05,A330-300,최예준,Economy,24J
3614,금,KE2001,8:05,A330-300,박준우,Economy,54A
3615,금,KE2001,8:05,A330-300,강지우,Economy,29A
3616,금,KE2001,8:05,A330-300,서준우,Economy,40H
3617,금,KE2001,8:05,A330-300,한민준,Economy,48E
3618,금,KE2001,8:05,A330-300,서지유,Economy,51H
3619,금,KE2001,8:05,A330-300,강지훈,Economy,47E
3620,금,KE2001,8:05,A330-300,장유준,Economy,36J
3621,금,KE2001,8:05,A330-300,서윤우,Economy,34J
3622,금,KE2001,8:05,A330-300,안도윤,Economy,54H
3623,금,KE2001,8:05,A330-300,황예준,Economy,27H
3624,금,KE2001,8:05,A330-300,이윤우,Economy,26K
3625,금,KE2001,8:05,A330-300,이지훈,Economy,38E
3626,금,KE2001,8:05,A330-300,서지훈,Economy,35H
3627,금,KE2001,8:05,A330-300,장준우,Economy,31E
3628,금,KE2001,8:05,A330-300,최민서,Economy,45H
3629,금,KE2001,8:05,A330-300,박현우,Economy,33B
3630,금,KE2001,8:05,A330-300,서준우,Economy,52C
3631,금,KE2001,8:05,A330-300,오수아,Economy,40B
3632,금,KE2001,8:05,A330-300,조윤우,Economy,26C
3633,금,KE2001,8:05,A330-300,최민서,Economy,48D
3634,금,KE2001,8:05,A330-300,권서윤,Economy,22A
3635,금,KE2001,8:05,A330-300,권지우,Economy,34C
3636,금,KE2001,8:05,A330-300,한유준,Economy,43D
3637,금,KE2001,8:05,A330-300,최예준,Economy,40D
3638,금,KE2001,8:05,A330-300,권민준,Economy,38J
3639,금,KE2001,8:05,A330-300,김유준,Economy,21E
3640,금,KE2001,8:05,A330-300,장하윤,Economy,38C
3641,금,KE2001,8:05,A330-300,한지유,Economy,45E
3642,금,KE2001,8:05,A330-300,이서윤,Economy,39H
3643,금,KE2001,8:05,A330-300,최민서,Economy,48H
3644,금,KE2001,8:05,A330-300,이채원,Economy,32B
3645,금,KE2001,8:05,A330-300,안서윤,Economy,22D
3646,금,KE2001,8:05,A330-300,권준우,Economy,50J
3647,금,KE2001,8:05,A330-300,윤윤우,Economy,46B
3648,금,KE2001,8:05,A330-300,윤서연,Economy,50B
3649,금,KE2001,8:05,A330-300,박채원,Economy,42J
3650,금,KE2001,8:05,A330-300,조민준,Economy,24E
3651,금,KE2001,8:05,A330-300,윤준우,Economy,32D
3652,금,KE2001,8:05,A330-300,황도윤,Economy,26E
3653,금,KE2001,8:05,A330-300,박예준,Economy,38K
3654,금,KE2001,8:05,A330-300,서준우,Economy,33A
3655,금,KE2001,8:05,A330-300,신민서,Economy,49B
3656,금,KE2001,8:05,A330-300,황예준,Economy,29D
3657,금,KE2001,8:05,A330-300,권서윤,Economy,47J
3658,금,KE2001,8:05,A330-300,황민준,Economy,51K
3659,금,KE2001,8:05,A330-300,조도윤,Economy,50C
3660,금,KE2001,8:05,A330-300,강현우,Economy,37D
3661,금,KE2001,8:05,A330-300,안민준,Economy,31H
3662,금,KE2001,8:05,A330-300,권민서,Economy,35E
3663,금,KE2001,8:05,A330-300,조수아,Economy,42H
3664,금,KE2001,8:05,A330-300,권서윤,Economy,47D
3665,금,KE2001,8:05,A330-300,한현우,Economy,27C
3666,금,KE2001,8:05,A330-300,이민서,Economy,20K
3667,금,KE2001,8:05,A330-300,이도윤,Economy,26H
3668,금,KE2001,8:05,A330-300,이하윤,Economy,43E
3669,금,KE2001,8:05,A330-300,서예준,Economy,28J
3670,금,KE2001,8:05,A330-300,임민준,Economy,32A
3671,금,KE2001,8:05,A330-300,조유준,Economy,25D
3672,금,KE2001,8:05,A330-300,서예준,Economy,50D
3673,금,KE2001,8:05,A330-300,윤서연,Economy,33D
3674,금,KE2001,8:05,A330-300,최예준,Economy,42K
3675,금,KE2001,8:05,A330-300,이지훈,Economy,32J
3676,금,KE2001,8:05,A330-300,윤하윤,Economy,51J
3677,금,KE2001,8:05,A330-300,김준우,Economy,20B
3678,금,KE2001,8:05,A330-300,황지유,Economy,44B
3679,금,KE2001,8:05,A330-300,안수아,Economy,37E
3680,금,KE2001,8:05,A330-300,박지우,Economy,28E
3681,금,KE2001,8:05,A330-300,임채원,Economy,28D
3682,금,KE2001,8:05,A330-300,안민준,Economy,23H
3683,금,KE2001,8:05,A330-300,권수아,Economy,52J
3684,금,KE2001,8:05,A330-300,한지훈,Economy,53K
3685,금,KE2001,8:05,A330-300,안도윤,Economy,23E
3686,금,KE2001,8:05,A330-300,서서윤,Economy,30E
3687,금,KE2001,8:05,A330-300,오수아,Economy,24D
3688,금,KE2001,8:05,A330-300,정준우,Economy,26J
3689,금,KE2001,8:05,A330-300,강하윤,Economy,25A
3690,금,KE2001,8:05,A330-300,조유준,Economy,36A
3691,금,KE2001,8:05,A330-300,윤지훈,Economy,33K
3692,금,KE2001,8:05,A330-300,김도윤,Economy,48K
3693,금,KE2001,8:05,A330-300,권민준,Economy,45B
3694,금,KE2001,8:05,A330-300,오서윤,Economy,27J
3695,금,KE2001,8:05,A330-300,임유준,Economy,32C
3696,금,KE2001,8:05,A330-300,신준우,Economy,46E
3697,금,KE2001,8:05,A330-300,이지유,Economy,32K
3698,금,KE2001,8:05,A330-300,황준우,Economy,23K
3699,금,KE2001,8:05,A330-300,이민서,Economy,40E
3700,금,KE2001,8:05,A330-300,오준우,Economy,20H
3701,금,KE2001,8:05,A330-300,최서연,Economy,21K
3702,금,KE2001,8:05,A330-300,최서연,Economy,39A
3703,금,KE2001,8:05,A330-300,김윤우,Economy,40K
3704,금,KE2001,8:05,A330-300,강윤우,Economy,38D
3705,금,KE2001,8:05,A330-300,한도윤,Economy,49J
3706,금,KE2001,8:05,A330-300,신민준,Economy,21J
3707,금,KE2001,8:05,A330-300,최예준,Economy,33H
3708,금,KE2001,8:05,A330-300,장현우,Economy,24C
3709,금,KE2001,8:05,A330-300,권민준,Economy,52K
3710,금,KE2001,8:05,A330-300,신현우,Economy,30K
3711,금,KE2001,8:05,A330-300,신예준,Economy,44A
3712,금,KE2001,8:05,A330-300,서준우,Economy,31J
3713,금,KE2001,8:05,A330-300,임예준,Economy,44E
3714,금,KE2001,8:05,A330-300,권지유,Economy,52A
3715,금,KE2001,8:05,A330-300,강지우,Economy,43J
3716,금,KE2001,8:05,A330-300,김지유,Economy,27D
3717,금,KE2001,8:05,A330-300,강유준,Economy,50K
3718,금,KE2001,8:05,A330-300,장민준,Economy,29J
3719,금,KE2001,8:05,A330-300,윤민서,Economy,23B
3720,금,KE2001,8:05,A330-300,조서연,Economy,48A
3721,금,KE2001,8:05,A330-300,조하윤,Economy,41D
3722,금,KE2001,8:05,A330-300,박현우,Economy,34K
3723,금,KE2001,8:05,A330-300,최도윤,Economy,27K
3724,금,KE2001,8:05,A330-300,임민준,Economy,47H
3725,금,KE2001,8:05,A330-300,임채원,Economy,23J
3726,금,KE2001,8:05,A330-300,윤민서,Economy,48C
3727,금,KE2001,8:05,A330-300,정윤우,Economy,24H
3728,금,KE2001,8:05,A330-300,정예준,Economy,33J
3729,금,KE2001,8:05,A330-300,오유준,Economy,30C
3730,금,KE2001,8:05,A330-300,황서연,Economy,20J
3731,금,KE2001,8:05,A330-300,서지우,Economy,51E
3732,금,KE2001,8:05,A330-300,황서연,Economy,37B
3733,금,KE2001,8:05,A330-300,안지훈,Economy,25K
3734,금,KE2001,8:05,A330-300,오민서,Economy,52D
3735,금,KE2001,8:05,A330-300,강지우,Economy,30A
3736,금,KE2001,8:05,A330-300,조서윤,Economy,48B
3737,금,KE2001,8:05,A330-300,권윤우,Economy,45J
3738,금,KE2001,8:05,A330-300,최하윤,Economy,50E
3739,금,KE2005,13:25,A321-neo,황도윤,Prestige,9K
3740,금,KE2005,13:25,A321-neo,권서윤,Prestige,9A
3741,금,KE2005,13:25,A321-neo,박수아,Prestige,10H
3742,금,KE2005,13:25,A321-neo,안민서,Prestige,8J
3743,금,KE2005,13:25,A321-neo,조준우,Prestige,14B
3744,금,KE2005,13:25,A321-neo,김유준,Prestige,8A
3745,금,KE2005,13:25,A321-neo,조서연,Prestige,8H
3746,금,KE2005,13:25,A321-neo,임현우,Prestige,8D
3747,금,KE2005,13:25,A321-neo,윤채원,Prestige,14E
3748,금,KE2005,13:25,A321-neo,오지훈,Prestige,13E
3749,금,KE2005,13:25,A321-neo,신서연,Prestige,12K
3750,금,KE2005,13:25,A321-neo,신수아,Prestige,12B
3751,금,KE2005,13:25,A321-neo,안유준,Prestige,7J
3752,금,KE2005,13:25,A321-neo,서민준,Prestige,7A
3753,금,KE2005,13:25,A321-neo,장민서,Prestige,12A
3754,금,KE2005,13:25,A321-neo,오윤우,Prestige,12H
3755,금,KE2005,13:25,A321-neo,황지우,Prestige,13C
3756,금,KE2005,13:25,A321-neo,김지훈,Prestige,11C
3757,금,KE2005,13:25,A321-neo,임서연,Prestige,10D
3758,금,KE2005,13:25,A321-neo,최서연,Prestige,14H
3759,금,KE2005,13:25,A321-neo,박하윤,Prestige,10E
3760,금,KE2005,13:25,A321-neo,조준우,Prestige,7E
3761,금,KE2005,13:25,A321-neo,박지유,Prestige,10B
3762,금,KE2005,13:25,A321-neo,정하윤,Prestige,7B
3763,금,KE2005,13:25,A321-neo,김지유,Prestige,12J
3764,금,KE2005,13:25,A321-neo,강유준,Prestige,9H
3765,금,KE2005,13:25,A321-neo,박하윤,Prestige,8K
3766,금,KE2005,13:25,A321-neo,박민준,Prestige,13K
3767,금,KE2005,13:25,A321-neo,황민서,Prestige,7H
3768,금,KE2005,13:25,A321-neo,정서윤,Economy,46D
3769,금,KE2005,13:25,A321-neo,임도윤,Economy,33C
3770,금,KE2005,13:25,A321-neo,김하윤,Economy,42D
3771,금,KE2005,13:25,A321-neo,윤지훈,Economy,30D
3772,금,KE2005,13:25,A321-neo,최예준,Economy,45A
3773,금,KE2005,13:25,A321-neo,정유준,Economy,23D
3774,금,KE2005,13:25,A321-neo,신민준,Economy,52H
3775,금,KE2005,13:25,A321-neo,이준우,Economy,48B
3776,금,KE2005,13:25,A321-neo,정민서,Economy,40A
3777,금,KE2005,13:25,A321-neo,안도윤,Economy,38A
3778,금,KE2005,13:25,A321-neo,강채원,Economy,32A
3779,금,KE2005,13:25,A321-neo,윤지훈,Economy,53A
3780,금,KE2005,13:25,A321-neo,윤현우,Economy,53E
3781,금,KE2005,13:25,A321-neo,최지유,Economy,21J
3782,금,KE2005,13:25,A321-neo,이지훈,Economy,29A
3783,금,KE2005,13:25,A321-neo,안하윤,Economy,49D
3784,금,KE2005,13:25,A321-neo,이하윤,Economy,21H
3785,금,KE2005,13:25,A321-neo,권민서,Economy,36A
3786,금,KE2005,13:25,A321-neo,서서윤,Economy,50J
3787,금,KE2005,13:25,A321-neo,김현우,Economy,38H
3788,금,KE2005,13:25,A321-neo,이민준,Economy,40H
3789,금,KE2005,13:25,A321-neo,황예준,Economy,52B
3790,금,KE2005,13:25,A321-neo,조채원,Economy,20A
3791,금,KE2005,13:25,A321-neo,강채원,Economy,51K
3792,금,KE2005,13:25,A321-neo,최현우,Economy,42J
3793,금,KE2005,13:25,A321-neo,임준우,Economy,27K
3794,금,KE2005,13:25,A321-neo,황예준,Economy,40E
3795,금,KE2005,13:25,A321-neo,안현우,Economy,31K
3796,금,KE2005,13:25,A321-neo,최현우,Economy,37B
3797,금,KE2005,13:25,A321-neo,강도윤,Economy,29K
3798,금,KE2005,13:25,A321-neo,김예준,Economy,24J
3799,금,KE2005,13:25,A321-neo,신하윤,Economy,34J
3800,금,KE2005,13:25,A321-neo,오민서,Economy,41C
3801,금,KE2005,13:25,A321-neo,권윤우,Economy,20D
3802,금,KE2005,13:25,A321-neo,오지우,Economy,40J
3803,금,KE2005,13:25,A321-neo,장수아,Economy,39E
3804,금,KE2005,13:25,A321-neo,한예준,Economy,20C
3805,금,KE2005,13:25,A321-neo,김민서,Economy,45E
3806,금,KE2005,13:25,A321-neo,윤민준,Economy,37K
3807,금,KE2005,13:25,A321-neo,신하윤,Economy,38K
3808,금,KE2005,13:25,A321-neo,정윤우,Economy,26E
3809,금,KE2005,13:25,A321-neo,한서연,Economy,36J
3810,금,KE2005,13:25,A321-neo,오민준,Economy,52A
3811,금,KE2005,13:25,A321-neo,정서윤,Economy,54K
3812,금,KE2005,13:25,A321-neo,안지유,Economy,49K
3813,금,KE2005,13:25,A321-neo,정서윤,Economy,54B
3814,금,KE2005,13:25,A321-neo,박준우,Economy,30K
3815,금,KE2005,13:25,A321-neo,서서연,Economy,39C
3816,금,KE2005,13:25,A321-neo,강지유,Economy,51B
3817,금,KE2005,13:25,A321-neo,강윤우,Economy,52K
3818,금,KE2005,13:25,A321-neo,이하윤,Economy,20B
3819,금,KE2005,13:25,A321-neo,황민서,Economy,26D
3820,금,KE2005,13:25,A321-neo,서민서,Economy,46H
3821,금,KE2005,13:25,A321-neo,조민준,Economy,28B
3822,금,KE2005,13:25,A321-neo,강서윤,Economy,39J
3823,금,KE2005,13:25,A321-neo,강지유,Economy,51C
3824,금,KE2005,13:25,A321-neo,오수아,Economy,35K
3825,금,KE2005,13:25,A321-neo,안현우,Economy,47D
3826,금,KE2005,13:25,A321-neo,임수아,Economy,47C
3827,금,KE2005,13:25,A321-neo,서민서,Economy,33D
3828,금,KE2005,13:25,A321-neo,신도윤,Economy,38B
3829,금,KE2005,13:25,A321-neo,최민준,Economy,53H
3830,금,KE2005,13:25,A321-neo,오민서,Economy,52J
3831,금,KE2005,13:25,A321-neo,황윤우,Economy,54D
3832,금,KE2005,13:25,A321-neo,박준우,Economy,47A
3833,금,KE2005,13:25,A321-neo,장윤우,Economy,39K
3834,금,KE2005,13:25,A321-neo,장민서,Economy,48H
3835,금,KE2005,13:25,A321-neo,박지유,Economy,47J
3836,금,KE2005,13:25,A321-neo,정하윤,Economy,25E
3837,금,KE2005,13:25,A321-neo,안지훈,Economy,34A
3838,금,KE2005,13:25,A321-neo,이현우,Economy,54H
3839,금,KE2005,13:25,A321-neo,장유준,Economy,43K
3840,금,KE2005,13:25,A321-neo,김지우,Economy,37A
3841,금,KE2005,13:25,A321-neo,최윤우,Economy,45K
3842,금,KE2005,13:25,A321-neo,최채원,Economy,33E
3843,금,KE2005,13:25,A321-neo,오지유,Economy,47K
3844,금,KE2005,13:25,A321-neo,윤예준,Economy,53J
3845,금,KE2005,13:25,A321-neo,박민서,Economy,32H
3846,금,KE2005,13:25,A321-neo,최지훈,Economy,40B
3847,금,KE2005,13:25,A321-neo,윤민준,Economy,31A
3848,금,KE2005,13:25,A321-neo,황현우,Economy,23A
3849,금,KE2005,13:25,A321-neo,신서연,Economy,25C
3850,금,KE2005,13:25,A321-neo,박지훈,Economy,46A
3851,금,KE2005,13:25,A321-neo,임현우,Economy,48E
3852,금,KE2005,13:25,A321-neo,김민서,Economy,35C
3853,금,KE2005,13:25,A321-neo,이서연,Economy,20K
3854,금,KE2005,13:25,A321-neo,이서연,Economy,26K
3855,금,KE2005,13:25,A321-neo,한서윤,Economy,27H
3856,금,KE2005,13:25,A321-neo,강현우,Economy,47B
3857,금,KE2005,13:25,A321-neo,강준우,Economy,44D
3858,금,KE2005,13:25,A321-neo,윤도윤,Economy,24H
3859,금,KE2005,13:25,A321-neo,박유준,Economy,25K
3860,금,KE2005,13:25,A321-neo,한도윤,Economy,27J
3861,금,KE2005,13:25,A321-neo,최채원,Economy,47H
3862,금,KE2005,13:25,A321-neo,황예준,Economy,30H
3863,금,KE2005,13:25,A321-neo,강민준,Economy,37J
3864,금,KE2005,13:25,A321-neo,임예준,Economy,27E
3865,금,KE2005,13:25,A321-neo,장유준,Economy,33K
3866,금,KE2005,13:25,A321-neo,이준우,Economy,38D
3867,금,KE2005,13:25,A321-neo,강민서,Economy,25B
3868,금,KE2005,13:25,A321-neo,조민준,Economy,53K
3869,금,KE2005,13:25,A321-neo,임지훈,Economy,50D
3870,금,KE2005,13:25,A321-neo,서수아,Economy,25H
3871,금,KE2005,13:25,A321-neo,서채원,Economy,40K
3872,금,KE2005,13:25,A321-neo,권하윤,Economy,26B
3873,금,KE2005,13:25,A321-neo,강준우,Economy,36E
3874,금,KE2005,13:25,A321-neo,정지우,Economy,52D
3875,금,KE2005,13:25,A321-neo,이현우,Economy,51H
3876,금,KE2005,13:25,A321-neo,황도윤,Economy,31H
3877,금,KE2005,13:25,A321-neo,한하윤,Economy,36K
3878,금,KE2005,13:25,A321-neo,박지유,Economy,43A
3879,금,KE2005,13:25,A321-neo,신윤우,Economy,44J
3880,금,KE2005,13:25,A321-neo,최현우,Economy,50C
3881,금,KE2005,13:25,A321-neo,윤지훈,Economy,23J
3882,금,KE2005,13:25,A321-neo,신지훈,Economy,22E
3883,금,KE2005,13:25,A321-neo,한현우,Economy,42A
3884,금,KE2005,13:25,A321-neo,조유준,Economy,50A
3885,금,KE2005,13:25,A321-neo,안예준,Economy,21E
3886,금,KE2005,13:25,A321-neo,박도윤,Economy,46J
3887,금,KE2005,13:25,A321-neo,정지유,Economy,33A
3888,금,KE2005,13:25,A321-neo,김도윤,Economy,44H
3889,금,KE2005,13:25,A321-neo,최서윤,Economy,24K
3890,금,KE2005,13:25,A321-neo,윤도윤,Economy,45B
3891,금,KE2005,13:25,A321-neo,장지우,Economy,49B
3892,금,KE2005,13:25,A321-neo,윤현우,Economy,28C
3893,금,KE2005,13:25,A321-neo,오유준,Economy,54C
3894,금,KE2005,13:25,A321-neo,권현우,Economy,41B
3895,금,KE2005,13:25,A321-neo,김유준,Economy,32K
3896,금,KE2005,13:25,A321-neo,박지유,Economy,51E
3897,금,KE2005,13:25,A321-neo,안하윤,Economy,39D
3898,금,KE2005,13:25,A321-neo,안민서,Economy,20H
3899,금,KE2005,13:25,A321-neo,황예준,Economy,40D
3900,금,KE2005,13:25,A321-neo,오민준,Economy,40C
3901,금,KE2005,13:25,A321-neo,이윤우,Economy,41E
3902,금,KE2005,13:25,A321-neo,임민서,Economy,48C
3903,금,KE2005,13:25,A321-neo,오민서,Economy,23H
3904,금,KE2005,13:25,A321-neo,최서연,Economy,20E
3905,금,KE2005,13:25,A321-neo,한채원,Economy,28H
3906,금,KE2005,13:25,A321-neo,오유준,Economy,45D
3907,금,KE2005,13:25,A321-neo,윤채원,Economy,28D
3908,금,KE2005,13:25,A321-neo,한서연,Economy,52E
3909,금,KE2005,13:25,A321-neo,안지훈,Economy,45C
3910,금,KE2005,13:25,A321-neo,황현우,Economy,41D
3911,금,KE2005,13:25,A321-neo,서채원,Economy,50B
3912,금,KE2005,13:25,A321-neo,권유준,Economy,43B
3913,금,KE2005,13:25,A321-neo,신채원,Economy,30J
3914,금,KE2005,13:25,A321-neo,임민준,Economy,34K
3915,금,KE2005,13:25,A321-neo,이윤우,Economy,35A
3916,금,KE2005,13:25,A321-neo,이지유,Economy,29C
3917,금,KE2005,13:25,A321-neo,신서연,Economy,38E
3918,금,KE2005,13:25,A321-neo,서민준,Economy,21A
3919,금,KE2005,13:25,A321-neo,임윤우,Economy,27A
3920,금,KE2005,13:25,A321-neo,장민서,Economy,27D
3921,금,KE2005,13:25,A321-neo,장유준,Economy,54J
3922,금,KE2005,13:25,A321-neo,서지훈,Economy,31C
3923,금,KE2005,13:25,A321-neo,신도윤,Economy,33J
3924,금,KE2005,13:25,A321-neo,신민서,Economy,39A
3925,금,KE2005,13:25,A321-neo,안윤우,Economy,49A
3926,금,KE2005,13:25,A321-neo,권유준,Economy,31D
3927,금,KE2005,13:25,A321-neo,한지유,Economy,41J
3928,금,KE2005,13:25,A321-neo,서도윤,Economy,48A
3929,금,KE2005,13:25,A321-neo,신수아,Economy,54A
3930,금,KE2005,13:25,A321-neo,장윤우,Economy,44K
3931,금,KE2005,13:25,A321-neo,임민서,Economy,49C
3932,금,KE2005,13:25,A321-neo,최채원,Economy,22C
3933,금,KE2005,13:25,A321-neo,서서윤,Economy,30A
3934,금,KE2005,13:25,A321-neo,서윤우,Economy,50K
3935,금,KE2005,13:25,A321-neo,이수아,Economy,50E
3936,금,KE2005,13:25,A321-neo,오민준,Economy,43E
3937,금,KE2005,13:25,A321-neo,박현우,Economy,42K
3938,금,KE2005,13:25,A321-neo,황윤우,Economy,31B
3939,금,KE2005,13:25,A321-neo,서하윤,Economy,53C
3940,금,KE2005,13:25,A321-neo,강민준,Economy,48K
3941,금,KE2005,13:25,A321-neo,김서윤,Economy,34B
3942,금,KE2005,13:25,A321-neo,김현우,Economy,35E
3943,금,KE2005,13:25,A321-neo,임현우,Economy,24D
3944,금,KE2005,13:25,A321-neo,권지훈,Economy,22A
3945,금,KE2005,13:25,A321-neo,이서연,Economy,36H
3946,금,KE2005,13:25,A321-neo,황준우,Economy,26A
3947,금,KE2005,13:25,A321-neo,이채원,Economy,36C
3948,금,KE2005,13:25,A321-neo,이수아,Economy,42E
3949,금,KE2005,13:25,A321-neo,박수아,Economy,43C
3950,금,KE2005,13:25,A321-neo,장윤우,Economy,42H
3951,금,KE2005,13:25,A321-neo,한윤우,Economy,48D
3952,금,KE2005,13:25,A321-neo,오지유,Economy,30B
3953,금,KE2005,13:25,A321-neo,김도윤,Economy,31J
3954,금,KE2005,13:25,A321-neo,강민서,Economy,48J
3955,금,KE2005,13:25,A321-neo,신서윤,Economy,49E
3956,금,KE2005,13:25,A321-neo,한지유,Economy,42B
3957,금,KE2005,13:25,A321-neo,박유준,Economy,43J
3958,금,KE2005,13:25,A321-neo,박예준,Economy,26C
3959,금,KE2005,13:25,A321-neo,오예준,Economy,21C
3960,금,KE2005,13:25,A321-neo,장현우,Economy,46E
3961,금,KE2005,13:25,A321-neo,신지우,Economy,21D
3962,금,KE2005,13:25,A321-neo,장서연,Economy,33B
3963,금,KE2005,13:25,A321-neo,신유준,Economy,32D
3964,금,KE2005,13:25,A321-neo,조채원,Economy,29D
3965,금,KE2005,13:25,A321-neo,이서윤,Economy,27B
3966,금,KE2005,13:25,A321-neo,최서연,Economy,37D
3967,금,KE2005,13:25,A321-neo,서수아,Economy,51D
3968,금,KE2005,13:25,A321-neo,황지유,Economy,53D
3969,금,KE2005,13:25,A321-neo,이채원,Economy,46C
3970,금,KE2005,13:25,A321-neo,정지유,Economy,51J
3971,금,KE2005,13:25,A321-neo,임수아,Economy,43H
3972,금,KE2005,13:25,A321-neo,권지우,Economy,20J
3973,금,KE2005,13:25,A321-neo,신민준,Economy,32J
3974,금,KE2005,13:25,A321-neo,권지우,Economy,49H
3975,금,KE2005,13:25,A321-neo,최채원,Economy,46B
3976,금,KE2005,13:25,A321-neo,김채원,Economy,31E
3977,금,KE2005,13:25,A321-neo,한채원,Economy,47E
3978,금,KE2005,13:25,A321-neo,정서윤,Economy,34C
3979,금,KE2005,13:25,A321-neo,윤지유,Economy,41K
3980,금,KE2005,13:25,A321-neo,최지우,Economy,28J
3981,금,KE2005,13:25,A321-neo,박도윤,Economy,34D
3982,금,KE2005,13:25,A321-neo,신하윤,Economy,30E
3983,금,KE2005,13:25,A321-neo,윤수아,Economy,36B
3984,금,KE2005,13:25,A321-neo,안수아,Economy,45H
3985,금,KE2005,13:25,A321-neo,강지훈,Economy,32C
3986,금,KE2005,13:25,A321-neo,조현우,Economy,21B
3987,금,KE2005,13:25,A321-neo,신서윤,Economy,54E
3988,금,KE2005,13:25,A321-neo,김지우,Economy,29J
3989,금,KE2005,13:25,A321-neo,강수아,Economy,35B
3990,금,KE2005,13:25,A321-neo,한민준,Economy,39H
3991,금,KE2005,13:25,A321-neo,서채원,Economy,29E
3992,금,KE2005,13:25,A321-neo,장민준,Economy,25J
3993,금,KE2005,13:25,A321-neo,조현우,Economy,44C
3994,금,KE2005,13:25,A321-neo,장도윤,Economy,32E
3995,금,KE2005,13:25,A321-neo,임서연,Economy,50H
3996,금,KE2005,13:25,A321-neo,윤지훈,Economy,37E
3997,금,KE2005,13:25,A321-neo,한유준,Economy,43D
3998,금,KE2005,13:25,A321-neo,권현우,Economy,39B
3999,금,KE2005,13:25,A321-neo,안채원,Economy,24B
4000,금,KE2005,13:25,A321-neo,최하윤,Economy,49J
4001,금,KE2011,19:45,A350-900,최민준,Prestige,12K
4002,금,KE2011,19:45,A350-900,권지훈,Prestige,13K
4003,금,KE2011,19:45,A350-900,장준우,Prestige,7D
4004,금,KE2011,19:45,A350-900,이채원,Prestige,10C
4005,금,KE2011,19:45,A350-900,황하윤,Prestige,10H
4006,금,KE2011,19:45,A350-900,강지유,Prestige,7K
4007,금,KE2011,19:45,A350-900,최민서,Prestige,9B
4008,금,KE2011,19:45,A350-900,황서연,Prestige,12E
4009,금,KE2011,19:45,A350-900,권서연,Prestige,10J
4010,금,KE2011,19:45,A350-900,장지우,Prestige,11K
4011,금,KE2011,19:45,A350-900,신지유,Prestige,12C
4012,금,KE2011,19:45,A350-900,강유준,Prestige,8K
4013,금,KE2011,19:45,A350-900,강현우,Prestige,14J
4014,금,KE2011,19:45,A350-900,황지훈,Prestige,7E
4015,금,KE2011,19:45,A350-900,최서윤,Prestige,10D
4016,금,KE2011,19:45,A350-900,최민준,Prestige,11C
4017,금,KE2011,19:45,A350-900,황예준,Prestige,11J
4018,금,KE2011,19:45,A350-900,윤서윤,Prestige,8D
4019,금,KE2011,19:45,A350-900,한지유,Prestige,14D
4020,금,KE2011,19:45,A350-900,신수아,Prestige,14B
4021,금,KE2011,19:45,A350-900,이도윤,Prestige,14C
4022,금,KE2011,19:45,A350-900,김하윤,Prestige,8A
4023,금,KE2011,19:45,A350-900,오현우,Prestige,9A
4024,금,KE2011,19:45,A350-900,이채원,Prestige,14H
4025,금,KE2011,19:45,A350-900,강지유,Prestige,8C
4026,금,KE2011,19:45,A350-900,정지우,Prestige,9E
4027,금,KE2011,19:45,A350-900,안채원,Prestige,8H
4028,금,KE2011,19:45,A350-900,장예준,Economy,48A
4029,금,KE2011,19:45,A350-900,오윤우,Economy,31C
4030,금,KE2011,19:45,A350-900,이서연,Economy,23J
4031,금,KE2011,19:45,A350-900,조하윤,Economy,22J
4032,금,KE2011,19:45,A350-900,윤서연,Economy,29D
4033,금,KE2011,19:45,A350-900,장하윤,Economy,29H
4034,금,KE2011,19:45,A350-900,조하윤,Economy,25K
4035,금,KE2011,19:45,A350-900,임현우,Economy,38E
4036,금,KE2011,19:45,A350-900,최준우,Economy,51A
4037,금,KE2011,19:45,A350-900,김채원,Economy,31J
4038,금,KE2011,19:45,A350-900,오지훈,Economy,42D
4039,금,KE2011,19:45,A350-900,장준우,Economy,45B
4040,금,KE2011,19:45,A350-900,안윤우,Economy,31D
4041,금,KE2011,19:45,A350-900,김현우,Economy,45C
4042,금,KE2011,19:45,A350-900,장채원,Economy,49H
4043,금,KE2011,19:45,A350-900,신민준,Economy,49K
4044,금,KE2011,19:45,A350-900,황유준,Economy,25C
4045,금,KE2011,19:45,A350-900,최준우,Economy,28H
4046,금,KE2011,19:45,A350-900,서민준,Economy,29E
4047,금,KE2011,19:45,A350-900,정유준,Economy,51E
4048,금,KE2011,19:45,A350-900,이서연,Economy,52J
4049,금,KE2011,19:45,A350-900,오준우,Economy,53A
4050,금,KE2011,19:45,A350-900,강준우,Economy,49C
4051,금,KE2011,19:45,A350-900,김하윤,Economy,47D
4052,금,KE2011,19:45,A350-900,한예준,Economy,38K
4053,금,KE2011,19:45,A350-900,장민서,Economy,24J
4054,금,KE2011,19:45,A350-900,한예준,Economy,45K
4055,금,KE2011,19:45,A350-900,권민준,Economy,41C
4056,금,KE2011,19:45,A350-900,윤채원,Economy,40A
4057,금,KE2011,19:45,A350-900,윤민서,Economy,33J
4058,금,KE2011,19:45,A350-900,윤지우,Economy,48J
4059,금,KE2011,19:45,A350-900,임예준,Economy,26B
4060,금,KE2011,19:45,A350-900,서도윤,Economy,35C
4061,금,KE2011,19:45,A350-900,박지우,Economy,26D
4062,금,KE2011,19:45,A350-900,신지훈,Economy,41B
4063,금,KE2011,19:45,A350-900,최지유,Economy,53K
4064,금,KE2011,19:45,A350-900,황민서,Economy,20E
4065,금,KE2011,19:45,A350-900,안민서,Economy,27A
4066,금,KE2011,19:45,A350-900,안지유,Economy,23K
4067,금,KE2011,19:45,A350-900,이민서,Economy,22K
4068,금,KE2011,19:45,A350-900,강수아,Economy,52A
4069,금,KE2011,19:45,A350-900,장서윤,Economy,32E
4070,금,KE2011,19:45,A350-900,서민준,Economy,43B
4071,금,KE2011,19:45,A350-900,황채원,Economy,29B
4072,금,KE2011,19:45,A350-900,신서연,Economy,24C
4073,금,KE2011,19:45,A350-900,윤채원,Economy,44D
4074,금,KE2011,19:45,A350-900,안윤우,Economy,54A
4075,금,KE2011,19:45,A350-900,서민준,Economy,51D
4076,금,KE2011,19:45,A350-900,임민준,Economy,39B
4077,금,KE2011,19:45,A350-900,황지훈,Economy,28A
4078,금,KE2011,19:45,A350-900,권유준,Economy,23D
4079,금,KE2011,19:45,A350-900,한윤우,Economy,46J
4080,금,KE2011,19:45,A350-900,황현우,Economy,46H
4081,금,KE2011,19:45,A350-900,최지유,Economy,39H
4082,금,KE2011,19:45,A350-900,한서윤,Economy,21E
4083,금,KE2011,19:45,A350-900,장수아,Economy,24D
4084,금,KE2011,19:45,A350-900,권서연,Economy,22D
4085,금,KE2011,19:45,A350-900,장유준,Economy,51H
4086,금,KE2011,19:45,A350-900,박민서,Economy,51C
4087,금,KE2011,19:45,A350-900,한수아,Economy,42H
4088,금,KE2011,19:45,A350-900,임서윤,Economy,37K
4089,금,KE2011,19:45,A350-900,최도윤,Economy,23A
4090,금,KE2011,19:45,A350-900,한윤우,Economy,36K
4091,금,KE2011,19:45,A350-900,윤지우,Economy,36H
4092,금,KE2011,19:45,A350-900,박채원,Economy,53E
4093,금,KE2011,19:45,A350-900,윤윤우,Economy,21B
4094,금,KE2011,19:45,A350-900,박민서,Economy,36E
4095,금,KE2011,19:45,A350-900,조도윤,Economy,37E
4096,금,KE2011,19:45,A350-900,한민서,Economy,33D
4097,금,KE2011,19:45,A350-900,이수아,Economy,46C
4098,금,KE2011,19:45,A350-900,정도윤,Economy,50J
4099,금,KE2011,19:45,A350-900,서준우,Economy,47H
4100,금,KE2011,19:45,A350-900,윤민서,Economy,39K
4101,금,KE2011,19:45,A350-900,황민서,Economy,36D
4102,금,KE2011,19:45,A350-900,임수아,Economy,27H
4103,금,KE2011,19:45,A350-900,김준우,Economy,41J
4104,금,KE2011,19:45,A350-900,박현우,Economy,35J
4105,금,KE2011,19:45,A350-900,박수아,Economy,38B
4106,금,KE2011,19:45,A350-900,임도윤,Economy,40J
4107,금,KE2011,19:45,A350-900,한지우,Economy,40B
4108,금,KE2011,19:45,A350-900,한서윤,Economy,28K
4109,금,KE2011,19:45,A350-900,신지유,Economy,46E
4110,금,KE2011,19:45,A350-900,장유준,Economy,33K
4111,금,KE2011,19:45,A350-900,한지훈,Economy,50D
4112,금,KE2011,19:45,A350-900,권지유,Economy,28C
4113,금,KE2011,19:45,A350-900,강유준,Economy,39C
4114,금,KE2011,19:45,A350-900,한하윤,Economy,42J
4115,금,KE2011,19:45,A350-900,장지유,Economy,24H
4116,금,KE2011,19:45,A350-900,김유준,Economy,30J
4117,금,KE2011,19:45,A350-900,강하윤,Economy,42E
4118,금,KE2011,19:45,A350-900,정예준,Economy,34H
4119,금,KE2011,19:45,A350-900,황하윤,Economy,34A
4120,금,KE2011,19:45,A350-900,신현우,Economy,54J
4121,금,KE2011,19:45,A350-900,안윤우,Economy,21C
4122,금,KE2011,19:45,A350-900,박하윤,Economy,43C
4123,금,KE2011,19:45,A350-900,윤준우,Economy,54H
4124,금,KE2011,19:45,A350-900,박윤우,Economy,30D
4125,금,KE2011,19:45,A350-900,조지훈,Economy,34B
4126,금,KE2011,19:45,A350-900,장민서,Economy,40C
4127,금,KE2011,19:45,A350-900,황서연,Economy,39D
4128,금,KE2011,19:45,A350-900,박지유,Economy,22E
4129,금,KE2011,19:45,A350-900,장윤우,Economy,26A
4130,금,KE2011,19:45,A350-900,신하윤,Economy,30K
4131,금,KE2011,19:45,A350-900,최지훈,Economy,36C
4132,금,KE2011,19:45,A350-900,윤지유,Economy,37D
4133,금,KE2011,19:45,A350-900,권하윤,Economy,53B
4134,금,KE2011,19:45,A350-900,신유준,Economy,29A
4135,금,KE2011,19:45,A350-900,서채원,Economy,34E
4136,금,KE2011,19:45,A350-900,정준우,Economy,31H
4137,금,KE2011,19:45,A350-900,오도윤,Economy,28J
4138,금,KE2011,19:45,A350-900,한지우,Economy,24B
4139,금,KE2011,19:45,A350-900,한윤우,Economy,45H
4140,금,KE2011,19:45,A350-900,임도윤,Economy,52K
4141,금,KE2011,19:45,A350-900,최지훈,Economy,43E
4142,금,KE2011,19:45,A350-900,임예준,Economy,33E
4143,금,KE2011,19:45,A350-900,장서윤,Economy,43D
4144,금,KE2011,19:45,A350-900,신지유,Economy,41H
4145,금,KE2011,19:45,A350-900,한현우,Economy,43K
4146,금,KE2011,19:45,A350-900,안서윤,Economy,38C
4147,금,KE2011,19:45,A350-900,강준우,Economy,33B
4148,금,KE2011,19:45,A350-900,신지우,Economy,43J
4149,금,KE2011,19:45,A350-900,김유준,Economy,28D
4150,금,KE2011,19:45,A350-900,이현우,Economy,49A
4151,금,KE2011,19:45,A350-900,조서연,Economy,24E
4152,금,KE2011,19:45,A350-900,권채원,Economy,45A
4153,금,KE2011,19:45,A350-900,서지훈,Economy,23E
4154,금,KE2011,19:45,A350-900,오지훈,Economy,27K
4155,금,KE2011,19:45,A350-900,안예준,Economy,47C
4156,금,KE2011,19:45,A350-900,안민서,Economy,54D
4157,금,KE2011,19:45,A350-900,김지훈,Economy,52H
4158,금,KE2011,19:45,A350-900,오민준,Economy,22H
4159,금,KE2011,19:45,A350-900,한지훈,Economy,27C
4160,금,KE2011,19:45,A350-900,안도윤,Economy,47J
4161,금,KE2011,19:45,A350-900,서하윤,Economy,23B
4162,금,KE2011,19:45,A350-900,장서연,Economy,51K
4163,금,KE2011,19:45,A350-900,정유준,Economy,20B
4164,금,KE2011,19:45,A350-900,한지우,Economy,24A
4165,금,KE2011,19:45,A350-900,황민서,Economy,52C
4166,금,KE2011,19:45,A350-900,황하윤,Economy,34D
4167,금,KE2011,19:45,A350-900,서준우,Economy,53H
4168,금,KE2011,19:45,A350-900,서채원,Economy,32J
4169,금,KE2011,19:45,A350-900,조민준,Economy,52E
4170,금,KE2011,19:45,A350-900,강현우,Economy,38D
4171,금,KE2011,19:45,A350-900,한윤우,Economy,33A
4172,금,KE2011,19:45,A350-900,서현우,Economy,30B
4173,금,KE2011,19:45,A350-900,정지유,Economy,50E
4174,금,KE2011,19:45,A350-900,조민서,Economy,43H
4175,금,KE2011,19:45,A350-900,장지훈,Economy,34C
4176,금,KE2011,19:45,A350-900,서채원,Economy,32K
4177,금,KE2011,19:45,A350-900,임서윤,Economy,29K
4178,금,KE2011,19:45,A350-900,권민서,Economy,46D
4179,금,KE2011,19:45,A350-900,조민서,Economy,45E
4180,금,KE2011,19:45,A350-900,서하윤,Economy,48E
4181,금,KE2011,19:45,A350-900,최지우,Economy,26H
4182,금,KE2011,19:45,A350-900,신채원,Economy,42B
4183,금,KE2011,19:45,A350-900,권유준,Economy,48B
4184,금,KE2011,19:45,A350-900,권지유,Economy,49B
4185,금,KE2011,19:45,A350-900,윤채원,Economy,41A
4186,금,KE2011,19:45,A350-900,조서연,Economy,35H
4187,금,KE2011,19:45,A350-900,최하윤,Economy,32A
4188,금,KE2011,19:45,A350-900,정지우,Economy,47A
4189,금,KE2011,19:45,A350-900,최하윤,Economy,39E
4190,금,KE2011,19:45,A350-900,조하윤,Economy,48H
4191,금,KE2011,19:45,A350-900,정윤우,Economy,44E
4192,금,KE2011,19:45,A350-900,정지우,Economy,46K
4193,금,KE2011,19:45,A350-900,강현우,Economy,52D
4194,금,KE2011,19:45,A350-900,권채원,Economy,34K
4195,금,KE2011,19:45,A350-900,오채원,Economy,34J
4196,금,KE2011,19:45,A350-900,이윤우,Economy,44H
4197,금,KE2011,19:45,A350-900,조지유,Economy,25E
4198,금,KE2011,19:45,A350-900,오도윤,Economy,47K
4199,금,KE2011,19:45,A350-900,오지유,Economy,20H
4200,금,KE2011,19:45,A350-900,이채원,Economy,54B
4201,금,KE2011,19:45,A350-900,박민서,Economy,25H
4202,금,KE2011,19:45,A350-900,이지훈,Economy,46B
4203,금,KE2011,19:45,A350-900,오수아,Economy,36J
4204,금,KE2011,19:45,A350-900,신서연,Economy,29J
4205,금,KE2011,19:45,A350-900,임서윤,Economy,27B
4206,금,KE2011,19:45,A350-900,정유준,Economy,36B
4207,금,KE2011,19:45,A350-900,이서연,Economy,31K
4208,금,KE2011,19:45,A350-900,윤윤우,Economy,50H
4209,금,KE2011,19:45,A350-900,한민준,Economy,21J
4210,금,KE2011,19:45,A350-900,최유준,Economy,37H
4211,금,KE2011,19:45,A350-900,조윤우,Economy,48K
4212,금,KE2011,19:45,A350-900,강채원,Economy,26K
4213,금,KE2011,19:45,A350-900,김지우,Economy,51J
4214,금,KE2011,19:45,A350-900,장민서,Economy,42A
4215,금,KE2011,19:45,A350-900,서하윤,Economy,43A
4216,금,KE2011,19:45,A350-900,서예준,Economy,25D
4217,금,KE2011,19:45,A350-900,권윤우,Economy,40E
4218,금,KE2011,19:45,A350-900,윤준우,Economy,31A
4219,금,KE2011,19:45,A350-900,장유준,Economy,26C
4220,금,KE2011,19:45,A350-900,최채원,Economy,49J
4221,금,KE2011,19:45,A350-900,황서연,Economy,27E
4222,금,KE2011,19:45,A350-900,강지훈,Economy,32C
4223,금,KE2011,19:45,A350-900,김유준,Economy,37A
4224,금,KE2011,19:45,A350-900,신도윤,Economy,35E
4225,금,KE2011,19:45,A350-900,권현우,Economy,45D
4226,금,KE2011,19:45,A350-900,최하윤,Economy,26E
4227,금,KE2011,19:45,A350-900,김윤우,Economy,50A
4228,금,KE2011,19:45,A350-900,조지유,Economy,28E
4229,금,KE2011,19:45,A350-900,최서연,Economy,25B
4230,금,KE2011,19:45,A350-900,박지유,Economy,46A
4231,금,KE2011,19:45,A350-900,안현우,Economy,30E
4232,금,KE2011,19:45,A350-900,윤하윤,Economy,50B
4233,금,KE2011,19:45,A350-900,조민준,Economy,37C
4234,금,KE2011,19:45,A350-900,정지훈,Economy,53C
4235,금,KE2011,19:45,A350-900,조민서,Economy,54E
4236,금,KE2011,19:45,A350-900,이준우,Economy,53D
4237,금,KE2011,19:45,A350-900,안하윤,Economy,22A
4238,금,KE2011,19:45,A350-900,최하윤,Economy,31B
4239,금,KE2011,19:45,A350-900,임서연,Economy,44C
4240,금,KE2011,19:45,A350-900,서지우,Economy,21A
4241,금,KE2011,19:45,A350-900,임도윤,Economy,28B
4242,금,KE2011,19:45,A350-900,정채원,Economy,44K
4243,금,KE2011,19:45,A350-900,정도윤,Economy,44B
4244,금,KE2011,19:45,A350-900,신도윤,Economy,40D
4245,금,KE2011,19:45,A350-900,조윤우,Economy,39J
4246,금,KE2011,19:45,A350-900,임지훈,Economy,53J
4247,금,KE2011,19:45,A350-900,권지훈,Economy,35A
4248,금,KE2011,19:45,A350-900,서지유,Economy,20D
4249,금,KE2011,19:45,A350-900,정윤우,Economy,25J
4250,금,KE2011,19:45,A350-900,조준우,Economy,23C
4251,금,KE2011,19:45,A350-900,안지우,Economy,23H
4252,금,KE2011,19:45,A350-900,안도윤,Economy,35D
4253,금,KE2011,19:45,A350-900,최지훈,Economy,33H
4254,금,KE2011,19:45,A350-900,권지유,Economy,20A
4255,금,KE2011,19:45,A350-900,정지우,Economy,48D
4256,금,KE2011,19:45,A350-900,강지우,Economy,44J
4257,금,KE2011,19:45,A350-900,김지유,Economy,40H
4258,금,KE2011,19:45,A350-900,강서윤,Economy,20J
4259,금,KE2011,19:45,A350-900,신도윤,Economy,29C
4260,금,KE2011,19:45,A350-900,권민준,Economy,30H
4261,금,KE2011,19:45,A350-900,박윤우,Economy,41K
4262,금,KE2011,19:45,A350-900,신현우,Economy,40K
4263,금,KE2011,19:45,A350-900,오서윤,Economy,41D
4264,금,KE2011,19:45,A350-900,권도윤,Economy,42C
4265,금,KE2011,19:45,A350-900,김윤우,Economy,47B
4266,금,KE2011,19:45,A350-900,조지우,Economy,25A
4267,금,KE2011,19:45,A350-900,안지훈,Economy,49D
4268,금,KE2011,19:45,A350-900,이수아,Economy,48C
4269,금,KE2011,19:45,A350-900,이현우,Economy,21D
4270,금,KE2011,19:45,A350-900,신지훈,Economy,37B
4271,금,KE2011,19:45,A350-900,최지훈,Economy,44A
4272,금,KE2011,19:45,A350-900,조윤우,Economy,33C
4280,토,KE2001,8:05,A330-300,강유준,Prestige,9A
4281,토,KE2001,8:05,A330-300,윤민서,Prestige,11K
4282,토,KE2001,8:05,A330-300,안서윤,Prestige,10B
4283,토,KE2001,8:05,A330-300,신윤우,Prestige,12C
4284,토,KE2001,8:05,A330-300,윤서연,Prestige,9B
4285,토,KE2001,8:05,A330-300,최하윤,Prestige,9J
4286,토,KE2001,8:05,A330-300,한민서,Prestige,12A
4287,토,KE2001,8:05,A330-300,김채원,Prestige,13A
4288,토,KE2001,8:05,A330-300,정서윤,Prestige,13D
4289,토,KE2001,8:05,A330-300,김준우,Prestige,12J
4290,토,KE2001,8:05,A330-300,박서윤,Prestige,9C
4291,토,KE2001,8:05,A330-300,김서윤,Prestige,13J
4292,토,KE2001,8:05,A330-300,박하윤,Prestige,7E
4293,토,KE2001,8:05,A330-300,강지우,Prestige,9E
4294,토,KE2001,8:05,A330-300,황수아,Prestige,8A
4295,토,KE2001,8:05,A330-300,강민준,Prestige,8B
4296,토,KE2001,8:05,A330-300,이유준,Prestige,11J
4297,토,KE2001,8:05,A330-300,윤민준,Prestige,7A
4298,토,KE2001,8:05,A330-300,한지우,Prestige,8D
4299,토,KE2001,8:05,A330-300,안지훈,Prestige,14K
4300,토,KE2001,8:05,A330-300,정채원,Prestige,11C
4301,토,KE2001,8:05,A330-300,윤현우,Prestige,14B
4302,토,KE2001,8:05,A330-300,장지우,Prestige,10H
4303,토,KE2001,8:05,A330-300,김서연,Prestige,8H
4304,토,KE2001,8:05,A330-300,강유준,Prestige,7J
4305,토,KE2001,8:05,A330-300,안준우,Prestige,10E
4306,토,KE2001,8:05,A330-300,안지훈,Prestige,8J
4307,토,KE2001,8:05,A330-300,황현우,Prestige,9H
4308,토,KE2001,8:05,A330-300,최지유,Prestige,12B
4309,토,KE2001,8:05,A330-300,장지훈,Prestige,13C
4310,토,KE2001,8:05,A330-300,황지훈,Prestige,9K
4311,토,KE2001,8:05,A330-300,장준우,Prestige,10J
4312,토,KE2001,8:05,A330-300,임준우,Prestige,11D
4313,토,KE2001,8:05,A330-300,서서윤,Prestige,14D
4314,토,KE2001,8:05,A330-300,한유준,Prestige,10K
4315,토,KE2001,8:05,A330-300,안수아,Prestige,13B
4316,토,KE2001,8:05,A330-300,황유준,Prestige,7B
4317,토,KE2001,8:05,A330-300,이도윤,Economy,21D
4318,토,KE2001,8:05,A330-300,정예준,Economy,39E
4319,토,KE2001,8:05,A330-300,안예준,Economy,31K
4320,토,KE2001,8:05,A330-300,서서윤,Economy,54A
4321,토,KE2001,8:05,A330-300,강예준,Economy,39B
4322,토,KE2001,8:05,A330-300,장지훈,Economy,39C
4323,토,KE2001,8:05,A330-300,정지훈,Economy,41E
4324,토,KE2001,8:05,A330-300,권윤우,Economy,42A
4325,토,KE2001,8:05,A330-300,김수아,Economy,39D
4326,토,KE2001,8:05,A330-300,정서윤,Economy,42E
4327,토,KE2001,8:05,A330-300,임지훈,Economy,37A
4328,토,KE2001,8:05,A330-300,윤수아,Economy,53D
4329,토,KE2001,8:05,A330-300,신윤우,Economy,48C
4330,토,KE2001,8:05,A330-300,박서윤,Economy,26J
4331,토,KE2001,8:05,A330-300,서민준,Economy,36D
4332,토,KE2001,8:05,A330-300,박예준,Economy,48E
4333,토,KE2001,8:05,A330-300,오도윤,Economy,32B
4334,토,KE2001,8:05,A330-300,김윤우,Economy,39K
4335,토,KE2001,8:05,A330-300,최지우,Economy,41A
4336,토,KE2001,8:05,A330-300,서도윤,Economy,20J
4337,토,KE2001,8:05,A330-300,한민서,Economy,36A
4338,토,KE2001,8:05,A330-300,서지우,Economy,30H
4339,토,KE2001,8:05,A330-300,임서윤,Economy,27H
4340,토,KE2001,8:05,A330-300,서도윤,Economy,45K
4341,토,KE2001,8:05,A330-300,강민준,Economy,38K
4342,토,KE2001,8:05,A330-300,임윤우,Economy,51C
4343,토,KE2001,8:05,A330-300,정민서,Economy,41J
4344,토,KE2001,8:05,A330-300,이서연,Economy,24A
4345,토,KE2001,8:05,A330-300,한예준,Economy,33J
4346,토,KE2001,8:05,A330-300,강지우,Economy,49J
4347,토,KE2001,8:05,A330-300,강민서,Economy,21K
4348,토,KE2001,8:05,A330-300,최유준,Economy,33E
4349,토,KE2001,8:05,A330-300,권민준,Economy,23J
4350,토,KE2001,8:05,A330-300,임현우,Economy,52J
4351,토,KE2001,8:05,A330-300,임윤우,Economy,42D
4352,토,KE2001,8:05,A330-300,신하윤,Economy,25C
4353,토,KE2001,8:05,A330-300,정지훈,Economy,39H
4354,토,KE2001,8:05,A330-300,윤민서,Economy,45E
4355,토,KE2001,8:05,A330-300,장유준,Economy,47J
4356,토,KE2001,8:05,A330-300,권도윤,Economy,43H
4357,토,KE2001,8:05,A330-300,박예준,Economy,31A
4358,토,KE2001,8:05,A330-300,서수아,Economy,28D
4359,토,KE2001,8:05,A330-300,최예준,Economy,54B
4360,토,KE2001,8:05,A330-300,이지유,Economy,46J
4361,토,KE2001,8:05,A330-300,강서연,Economy,50H
4362,토,KE2001,8:05,A330-300,황수아,Economy,35J
4363,토,KE2001,8:05,A330-300,김도윤,Economy,52K
4364,토,KE2001,8:05,A330-300,황지유,Economy,47C
4365,토,KE2001,8:05,A330-300,임서연,Economy,35B
4366,토,KE2001,8:05,A330-300,한수아,Economy,54H
4367,토,KE2001,8:05,A330-300,정예준,Economy,43K
4368,토,KE2001,8:05,A330-300,안유준,Economy,30E
4369,토,KE2001,8:05,A330-300,강지유,Economy,29K
4370,토,KE2001,8:05,A330-300,임예준,Economy,34B
4371,토,KE2001,8:05,A330-300,조지유,Economy,46D
4372,토,KE2001,8:05,A330-300,서서연,Economy,21B
4373,토,KE2001,8:05,A330-300,최서연,Economy,50D
4374,토,KE2001,8:05,A330-300,장윤우,Economy,40K
4375,토,KE2001,8:05,A330-300,김예준,Economy,23H
4376,토,KE2001,8:05,A330-300,신윤우,Economy,52A
4377,토,KE2001,8:05,A330-300,조유준,Economy,50B
4378,토,KE2001,8:05,A330-300,임준우,Economy,51E
4379,토,KE2001,8:05,A330-300,오하윤,Economy,26C
4380,토,KE2001,8:05,A330-300,강수아,Economy,43A
4381,토,KE2001,8:05,A330-300,권준우,Economy,32D
4382,토,KE2001,8:05,A330-300,조수아,Economy,44C
4383,토,KE2001,8:05,A330-300,황지훈,Economy,34A
4384,토,KE2001,8:05,A330-300,권채원,Economy,38H
4385,토,KE2001,8:05,A330-300,정민서,Economy,42J
4386,토,KE2001,8:05,A330-300,오민서,Economy,33K
4387,토,KE2001,8:05,A330-300,정지훈,Economy,27K
4388,토,KE2001,8:05,A330-300,이서윤,Economy,44A
4389,토,KE2001,8:05,A330-300,정하윤,Economy,21A
4390,토,KE2001,8:05,A330-300,임지훈,Economy,33C
4391,토,KE2001,8:05,A330-300,윤윤우,Economy,47H
4392,토,KE2001,8:05,A330-300,강하윤,Economy,53A
4393,토,KE2001,8:05,A330-300,장지우,Economy,45D
4394,토,KE2001,8:05,A330-300,강도윤,Economy,38A
4395,토,KE2001,8:05,A330-300,한민서,Economy,50J
4396,토,KE2001,8:05,A330-300,서도윤,Economy,24C
4397,토,KE2001,8:05,A330-300,황민서,Economy,27A
4398,토,KE2001,8:05,A330-300,최민준,Economy,24H
4399,토,KE2001,8:05,A330-300,조수아,Economy,36J
4400,토,KE2001,8:05,A330-300,임유준,Economy,27C
4401,토,KE2001,8:05,A330-300,서지훈,Economy,22H
4402,토,KE2001,8:05,A330-300,김도윤,Economy,29C
4403,토,KE2001,8:05,A330-300,정준우,Economy,40H
4404,토,KE2001,8:05,A330-300,서서윤,Economy,41C
4405,토,KE2001,8:05,A330-300,강하윤,Economy,38B
4406,토,KE2001,8:05,A330-300,황현우,Economy,28J
4407,토,KE2001,8:05,A330-300,조유준,Economy,41B
4408,토,KE2001,8:05,A330-300,조수아,Economy,42K
4409,토,KE2001,8:05,A330-300,황채원,Economy,31C
4410,토,KE2001,8:05,A330-300,김예준,Economy,49B
4411,토,KE2001,8:05,A330-300,안민서,Economy,32C
4412,토,KE2001,8:05,A330-300,김채원,Economy,38D
4413,토,KE2001,8:05,A330-300,황하윤,Economy,46B
4414,토,KE2001,8:05,A330-300,안지우,Economy,45J
4415,토,KE2001,8:05,A330-300,강지우,Economy,53E
4416,토,KE2001,8:05,A330-300,강수아,Economy,48A
4417,토,KE2001,8:05,A330-300,김하윤,Economy,25E
4418,토,KE2001,8:05,A330-300,서민서,Economy,34E
4419,토,KE2001,8:05,A330-300,오민서,Economy,48K
4420,토,KE2001,8:05,A330-300,윤민준,Economy,35H
4421,토,KE2001,8:05,A330-300,임민준,Economy,25H
4422,토,KE2001,8:05,A330-300,조민준,Economy,45A
4423,토,KE2001,8:05,A330-300,한하윤,Economy,40A
4424,토,KE2001,8:05,A330-300,강지우,Economy,25B
4425,토,KE2001,8:05,A330-300,김현우,Economy,22C
4426,토,KE2001,8:05,A330-300,오지유,Economy,39J
4427,토,KE2001,8:05,A330-300,오유준,Economy,49H
4428,토,KE2001,8:05,A330-300,서현우,Economy,25D
4429,토,KE2001,8:05,A330-300,윤하윤,Economy,54C
4430,토,KE2001,8:05,A330-300,이서연,Economy,50C
4431,토,KE2001,8:05,A330-300,김예준,Economy,44E
4432,토,KE2001,8:05,A330-300,권예준,Economy,28A
4433,토,KE2001,8:05,A330-300,박윤우,Economy,46C
4434,토,KE2001,8:05,A330-300,신유준,Economy,26D
4435,토,KE2001,8:05,A330-300,이유준,Economy,37E
4436,토,KE2001,8:05,A330-300,신예준,Economy,29E
4437,토,KE2001,8:05,A330-300,권서윤,Economy,36C
4438,토,KE2001,8:05,A330-300,조준우,Economy,47E
4439,토,KE2001,8:05,A330-300,정준우,Economy,49A
4440,토,KE2001,8:05,A330-300,강윤우,Economy,39A
4441,토,KE2001,8:05,A330-300,황하윤,Economy,53B
4442,토,KE2001,8:05,A330-300,이서연,Economy,42B
4443,토,KE2001,8:05,A330-300,신서연,Economy,49K
4444,토,KE2001,8:05,A330-300,안도윤,Economy,20D
4445,토,KE2001,8:05,A330-300,황현우,Economy,29H
4446,토,KE2001,8:05,A330-300,서서윤,Economy,36E
4447,토,KE2001,8:05,A330-300,오하윤,Economy,41H
4448,토,KE2001,8:05,A330-300,박예준,Economy,40D
4449,토,KE2001,8:05,A330-300,한현우,Economy,35C
4450,토,KE2001,8:05,A330-300,오민서,Economy,46K
4451,토,KE2001,8:05,A330-300,한서연,Economy,30D
4452,토,KE2001,8:05,A330-300,이민서,Economy,47D
4453,토,KE2001,8:05,A330-300,정민준,Economy,21J
4454,토,KE2001,8:05,A330-300,윤현우,Economy,52E
4455,토,KE2001,8:05,A330-300,윤윤우,Economy,48J
4456,토,KE2001,8:05,A330-300,조현우,Economy,48D
4457,토,KE2001,8:05,A330-300,서준우,Economy,26H
4458,토,KE2001,8:05,A330-300,황지훈,Economy,25K
4459,토,KE2001,8:05,A330-300,한유준,Economy,32K
4460,토,KE2001,8:05,A330-300,한유준,Economy,20B
4461,토,KE2001,8:05,A330-300,윤도윤,Economy,20C
4462,토,KE2001,8:05,A330-300,신서연,Economy,23E
4463,토,KE2001,8:05,A330-300,신윤우,Economy,25A
4464,토,KE2001,8:05,A330-300,김민준,Economy,40E
4465,토,KE2001,8:05,A330-300,이서연,Economy,33D
4466,토,KE2001,8:05,A330-300,안민서,Economy,27J
4467,토,KE2001,8:05,A330-300,임예준,Economy,54D
4468,토,KE2001,8:05,A330-300,한서윤,Economy,48H
4469,토,KE2001,8:05,A330-300,최서윤,Economy,34C
4470,토,KE2001,8:05,A330-300,권지유,Economy,34D
4471,토,KE2001,8:05,A330-300,장준우,Economy,46A
4472,토,KE2001,8:05,A330-300,이지우,Economy,51K
4473,토,KE2001,8:05,A330-300,조준우,Economy,50E
4474,토,KE2001,8:05,A330-300,정지훈,Economy,47K
4475,토,KE2001,8:05,A330-300,윤서윤,Economy,30B
4476,토,KE2001,8:05,A330-300,강채원,Economy,45H
4477,토,KE2001,8:05,A330-300,박하윤,Economy,41D
4478,토,KE2001,8:05,A330-300,최하윤,Economy,22K
4479,토,KE2001,8:05,A330-300,신유준,Economy,32A
4480,토,KE2001,8:05,A330-300,조서윤,Economy,23K
4481,토,KE2001,8:05,A330-300,임지우,Economy,31B
4482,토,KE2001,8:05,A330-300,임채원,Economy,23B
4483,토,KE2001,8:05,A330-300,강윤우,Economy,28B
4484,토,KE2001,8:05,A330-300,장지훈,Economy,35K
4485,토,KE2001,8:05,A330-300,안준우,Economy,52B
4486,토,KE2001,8:05,A330-300,권도윤,Economy,43C
4487,토,KE2001,8:05,A330-300,신예준,Economy,50A
4488,토,KE2001,8:05,A330-300,안서연,Economy,44D
4489,토,KE2001,8:05,A330-300,신지유,Economy,20K
4490,토,KE2001,8:05,A330-300,김윤우,Economy,26B
4491,토,KE2001,8:05,A330-300,임수아,Economy,22J
4492,토,KE2001,8:05,A330-300,임윤우,Economy,43E
4493,토,KE2001,8:05,A330-300,박지유,Economy,51B
4494,토,KE2001,8:05,A330-300,권현우,Economy,52C
4495,토,KE2001,8:05,A330-300,박하윤,Economy,52H
4496,토,KE2001,8:05,A330-300,윤도윤,Economy,28C
4497,토,KE2001,8:05,A330-300,박준우,Economy,53K
4498,토,KE2001,8:05,A330-300,안현우,Economy,37B
4499,토,KE2001,8:05,A330-300,최채원,Economy,49D
4500,토,KE2001,8:05,A330-300,조지유,Economy,48B
4501,토,KE2001,8:05,A330-300,강유준,Economy,38C
4502,토,KE2001,8:05,A330-300,윤현우,Economy,23A
4503,토,KE2001,8:05,A330-300,황윤우,Economy,21C
4504,토,KE2001,8:05,A330-300,정채원,Economy,41K
4505,토,KE2001,8:05,A330-300,강서연,Economy,34H
4506,토,KE2001,8:05,A330-300,오윤우,Economy,51J
4507,토,KE2001,8:05,A330-300,이도윤,Economy,29J
4508,토,KE2001,8:05,A330-300,권유준,Economy,46E
4509,토,KE2001,8:05,A330-300,장서윤,Economy,51D
4510,토,KE2001,8:05,A330-300,최채원,Economy,22E
4511,토,KE2001,8:05,A330-300,최서윤,Economy,44B
4512,토,KE2001,8:05,A330-300,권서윤,Economy,29B
4513,토,KE2001,8:05,A330-300,임민서,Economy,23D
4514,토,KE2001,8:05,A330-300,조수아,Economy,40B
4515,토,KE2001,8:05,A330-300,강유준,Economy,34K
4516,토,KE2001,8:05,A330-300,임민서,Economy,24J
4517,토,KE2001,8:05,A330-300,박수아,Economy,47B
4518,토,KE2001,8:05,A330-300,신수아,Economy,37J
4519,토,KE2001,8:05,A330-300,강윤우,Economy,30J
4520,토,KE2001,8:05,A330-300,장예준,Economy,33B
4521,토,KE2005,13:25,A321-neo,신준우,Prestige,10H
4522,토,KE2005,13:25,A321-neo,이하윤,Prestige,9D
4523,토,KE2005,13:25,A321-neo,박지유,Prestige,12A
4524,토,KE2005,13:25,A321-neo,신현우,Prestige,14H
4525,토,KE2005,13:25,A321-neo,이지유,Prestige,12B
4526,토,KE2005,13:25,A321-neo,신민준,Prestige,8J
4527,토,KE2005,13:25,A321-neo,윤지우,Prestige,14K
4528,토,KE2005,13:25,A321-neo,이지훈,Prestige,13J
4529,토,KE2005,13:25,A321-neo,서유준,Prestige,10C
4530,토,KE2005,13:25,A321-neo,권예준,Prestige,8A
4531,토,KE2005,13:25,A321-neo,윤수아,Prestige,10K
4532,토,KE2005,13:25,A321-neo,강준우,Prestige,12C
4533,토,KE2005,13:25,A321-neo,안유준,Prestige,12H
4534,토,KE2005,13:25,A321-neo,정서연,Prestige,7A
4535,토,KE2005,13:25,A321-neo,신민서,Prestige,14C
4536,토,KE2005,13:25,A321-neo,정서연,Prestige,14A
4537,토,KE2005,13:25,A321-neo,서민준,Prestige,13H
4538,토,KE2005,13:25,A321-neo,안지훈,Prestige,10E
4539,토,KE2005,13:25,A321-neo,안민준,Prestige,14E
4540,토,KE2005,13:25,A321-neo,강서윤,Prestige,9A
4541,토,KE2005,13:25,A321-neo,강도윤,Prestige,9E
4542,토,KE2005,13:25,A321-neo,권서연,Prestige,7B
4543,토,KE2005,13:25,A321-neo,이서윤,Prestige,12K
4544,토,KE2005,13:25,A321-neo,한예준,Prestige,11A
4545,토,KE2005,13:25,A321-neo,강민준,Prestige,14J
4546,토,KE2005,13:25,A321-neo,오민준,Prestige,14D
4547,토,KE2005,13:25,A321-neo,신하윤,Prestige,7J
4548,토,KE2005,13:25,A321-neo,윤서연,Economy,24E
4549,토,KE2005,13:25,A321-neo,최유준,Economy,54C
4550,토,KE2005,13:25,A321-neo,신지유,Economy,47D
4551,토,KE2005,13:25,A321-neo,박서연,Economy,20C
4552,토,KE2005,13:25,A321-neo,황수아,Economy,33K
4553,토,KE2005,13:25,A321-neo,이도윤,Economy,29A
4554,토,KE2005,13:25,A321-neo,안도윤,Economy,47E
4555,토,KE2005,13:25,A321-neo,박민준,Economy,45K
4556,토,KE2005,13:25,A321-neo,최채원,Economy,28C
4557,토,KE2005,13:25,A321-neo,김수아,Economy,48D
4558,토,KE2005,13:25,A321-neo,최지훈,Economy,36C
4559,토,KE2005,13:25,A321-neo,서윤우,Economy,53J
4560,토,KE2005,13:25,A321-neo,권민서,Economy,23J
4561,토,KE2005,13:25,A321-neo,조수아,Economy,22E
4562,토,KE2005,13:25,A321-neo,정채원,Economy,46J
4563,토,KE2005,13:25,A321-neo,황서윤,Economy,29C
4564,토,KE2005,13:25,A321-neo,윤현우,Economy,52B
4565,토,KE2005,13:25,A321-neo,황지훈,Economy,54D
4566,토,KE2005,13:25,A321-neo,황지유,Economy,41J
4567,토,KE2005,13:25,A321-neo,오지유,Economy,53C
4568,토,KE2005,13:25,A321-neo,한예준,Economy,37C
4569,토,KE2005,13:25,A321-neo,장현우,Economy,32H
4570,토,KE2005,13:25,A321-neo,김지훈,Economy,49E
4571,토,KE2005,13:25,A321-neo,정지훈,Economy,54B
4572,토,KE2005,13:25,A321-neo,장지우,Economy,24H
4573,토,KE2005,13:25,A321-neo,조지유,Economy,31J
4574,토,KE2005,13:25,A321-neo,장지유,Economy,42J
4575,토,KE2005,13:25,A321-neo,강도윤,Economy,29K
4576,토,KE2005,13:25,A321-neo,최하윤,Economy,50E
4577,토,KE2005,13:25,A321-neo,윤서연,Economy,46E
4578,토,KE2005,13:25,A321-neo,정지우,Economy,43H
4579,토,KE2005,13:25,A321-neo,윤지우,Economy,24A
4580,토,KE2005,13:25,A321-neo,강서연,Economy,33H
4581,토,KE2005,13:25,A321-neo,이지훈,Economy,45B
4582,토,KE2005,13:25,A321-neo,장준우,Economy,45D
4583,토,KE2005,13:25,A321-neo,서유준,Economy,26H
4584,토,KE2005,13:25,A321-neo,조채원,Economy,26B
4585,토,KE2005,13:25,A321-neo,한하윤,Economy,43E
4586,토,KE2005,13:25,A321-neo,박지유,Economy,35A
4587,토,KE2005,13:25,A321-neo,최지유,Economy,53D
4588,토,KE2005,13:25,A321-neo,오수아,Economy,23H
4589,토,KE2005,13:25,A321-neo,윤하윤,Economy,28J
4590,토,KE2005,13:25,A321-neo,신준우,Economy,51H
4591,토,KE2005,13:25,A321-neo,윤수아,Economy,36B
4592,토,KE2005,13:25,A321-neo,박윤우,Economy,30H
4593,토,KE2005,13:25,A321-neo,한서연,Economy,47A
4594,토,KE2005,13:25,A321-neo,최윤우,Economy,20D
4595,토,KE2005,13:25,A321-neo,서서연,Economy,22A
4596,토,KE2005,13:25,A321-neo,신지유,Economy,41D
4597,토,KE2005,13:25,A321-neo,장준우,Economy,20E
4598,토,KE2005,13:25,A321-neo,임준우,Economy,23E
4599,토,KE2005,13:25,A321-neo,오서윤,Economy,48K
4600,토,KE2005,13:25,A321-neo,이수아,Economy,42K
4601,토,KE2005,13:25,A321-neo,정지훈,Economy,37D
4602,토,KE2005,13:25,A321-neo,한예준,Economy,26C
4603,토,KE2005,13:25,A321-neo,최지훈,Economy,33J
4604,토,KE2005,13:25,A321-neo,황서윤,Economy,51E
4605,토,KE2005,13:25,A321-neo,권서윤,Economy,53B
4606,토,KE2005,13:25,A321-neo,신지유,Economy,21A
4607,토,KE2005,13:25,A321-neo,강민서,Economy,43C
4608,토,KE2005,13:25,A321-neo,장도윤,Economy,30D
4609,토,KE2005,13:25,A321-neo,조민준,Economy,42D
4610,토,KE2005,13:25,A321-neo,안지유,Economy,37E
4611,토,KE2005,13:25,A321-neo,김지우,Economy,23B
4612,토,KE2005,13:25,A321-neo,장수아,Economy,52A
4613,토,KE2005,13:25,A321-neo,서민준,Economy,22C
4614,토,KE2005,13:25,A321-neo,정수아,Economy,35D
4615,토,KE2005,13:25,A321-neo,정지훈,Economy,40D
4616,토,KE2005,13:25,A321-neo,신준우,Economy,27A
4617,토,KE2005,13:25,A321-neo,최지훈,Economy,45J
4618,토,KE2005,13:25,A321-neo,조하윤,Economy,39E
4619,토,KE2005,13:25,A321-neo,임예준,Economy,40A
4620,토,KE2005,13:25,A321-neo,황윤우,Economy,44D
4621,토,KE2005,13:25,A321-neo,오준우,Economy,41C
4622,토,KE2005,13:25,A321-neo,윤윤우,Economy,40K
4623,토,KE2005,13:25,A321-neo,서도윤,Economy,46K
4624,토,KE2005,13:25,A321-neo,안지유,Economy,45A
4625,토,KE2005,13:25,A321-neo,이지유,Economy,47B
4626,토,KE2005,13:25,A321-neo,권서연,Economy,39B
4627,토,KE2005,13:25,A321-neo,안현우,Economy,25H
4628,토,KE2005,13:25,A321-neo,박민서,Economy,39A
4629,토,KE2005,13:25,A321-neo,김지유,Economy,28A
4630,토,KE2005,13:25,A321-neo,윤준우,Economy,31A
4631,토,KE2005,13:25,A321-neo,신도윤,Economy,54A
4632,토,KE2005,13:25,A321-neo,오유준,Economy,24J
4633,토,KE2005,13:25,A321-neo,임지유,Economy,35E
4634,토,KE2005,13:25,A321-neo,조현우,Economy,30A
4635,토,KE2005,13:25,A321-neo,오지유,Economy,46H
4636,토,KE2005,13:25,A321-neo,한수아,Economy,22B
4637,토,KE2005,13:25,A321-neo,최현우,Economy,35J
4638,토,KE2005,13:25,A321-neo,강윤우,Economy,32C
4639,토,KE2005,13:25,A321-neo,장지훈,Economy,25C
4640,토,KE2005,13:25,A321-neo,서윤우,Economy,28B
4641,토,KE2005,13:25,A321-neo,서현우,Economy,36D
4642,토,KE2005,13:25,A321-neo,안수아,Economy,32D
4643,토,KE2005,13:25,A321-neo,안지훈,Economy,33D
4644,토,KE2005,13:25,A321-neo,정현우,Economy,44C
4645,토,KE2005,13:25,A321-neo,임채원,Economy,28H
4646,토,KE2005,13:25,A321-neo,김지우,Economy,49D
4647,토,KE2005,13:25,A321-neo,박지유,Economy,41A
4648,토,KE2005,13:25,A321-neo,이윤우,Economy,44K
4649,토,KE2005,13:25,A321-neo,조지우,Economy,31D
4650,토,KE2005,13:25,A321-neo,안민준,Economy,49C
4651,토,KE2005,13:25,A321-neo,신지우,Economy,44H
4652,토,KE2005,13:25,A321-neo,장하윤,Economy,31E
4653,토,KE2005,13:25,A321-neo,신하윤,Economy,54H
4654,토,KE2005,13:25,A321-neo,박지우,Economy,49K
4655,토,KE2005,13:25,A321-neo,이유준,Economy,51D
4656,토,KE2005,13:25,A321-neo,신예준,Economy,30K
4657,토,KE2005,13:25,A321-neo,장서연,Economy,38B
4658,토,KE2005,13:25,A321-neo,황서연,Economy,47K
4659,토,KE2005,13:25,A321-neo,윤준우,Economy,27D
4660,토,KE2005,13:25,A321-neo,신도윤,Economy,25K
4661,토,KE2005,13:25,A321-neo,강준우,Economy,30C
4662,토,KE2005,13:25,A321-neo,신수아,Economy,51K
4663,토,KE2005,13:25,A321-neo,윤도윤,Economy,29H
4664,토,KE2005,13:25,A321-neo,박민준,Economy,50H
4665,토,KE2005,13:25,A321-neo,서지훈,Economy,31K
4666,토,KE2005,13:25,A321-neo,이도윤,Economy,51A
4667,토,KE2005,13:25,A321-neo,서준우,Economy,39D
4668,토,KE2005,13:25,A321-neo,한서연,Economy,42C
4669,토,KE2005,13:25,A321-neo,최윤우,Economy,42E
4670,토,KE2005,13:25,A321-neo,장현우,Economy,24D
4671,토,KE2005,13:25,A321-neo,오유준,Economy,50K
4672,토,KE2005,13:25,A321-neo,신윤우,Economy,46D
4673,토,KE2005,13:25,A321-neo,이준우,Economy,27B
4674,토,KE2005,13:25,A321-neo,서유준,Economy,49A
4675,토,KE2005,13:25,A321-neo,황민준,Economy,37B
4676,토,KE2005,13:25,A321-neo,이도윤,Economy,49B
4677,토,KE2005,13:25,A321-neo,황유준,Economy,35K
4678,토,KE2005,13:25,A321-neo,서유준,Economy,21K
4679,토,KE2005,13:25,A321-neo,김지유,Economy,44E
4680,토,KE2005,13:25,A321-neo,서준우,Economy,47J
4681,토,KE2005,13:25,A321-neo,장지훈,Economy,23C
4682,토,KE2005,13:25,A321-neo,황민서,Economy,32B
4683,토,KE2005,13:25,A321-neo,김지유,Economy,45C
4684,토,KE2005,13:25,A321-neo,권하윤,Economy,37H
4685,토,KE2005,13:25,A321-neo,윤지유,Economy,23K
4686,토,KE2005,13:25,A321-neo,황예준,Economy,34D
4687,토,KE2005,13:25,A321-neo,강도윤,Economy,29J
4688,토,KE2005,13:25,A321-neo,최지유,Economy,37J
4689,토,KE2005,13:25,A321-neo,권윤우,Economy,41B
4690,토,KE2005,13:25,A321-neo,정유준,Economy,21J
4691,토,KE2005,13:25,A321-neo,장준우,Economy,29B
4692,토,KE2005,13:25,A321-neo,오도윤,Economy,21D
4693,토,KE2005,13:25,A321-neo,김도윤,Economy,26J
4694,토,KE2005,13:25,A321-neo,윤채원,Economy,20B
4695,토,KE2005,13:25,A321-neo,윤유준,Economy,48C
4696,토,KE2005,13:25,A321-neo,황준우,Economy,34H
4697,토,KE2005,13:25,A321-neo,강예준,Economy,48H
4698,토,KE2005,13:25,A321-neo,안지우,Economy,40E
4699,토,KE2005,13:25,A321-neo,오채원,Economy,22H
4700,토,KE2005,13:25,A321-neo,한예준,Economy,37A
4701,토,KE2005,13:25,A321-neo,이민서,Economy,43K
4702,토,KE2005,13:25,A321-neo,최민서,Economy,48E
4703,토,KE2005,13:25,A321-neo,강민준,Economy,22J
4704,토,KE2005,13:25,A321-neo,최하윤,Economy,46C
4705,토,KE2005,13:25,A321-neo,장현우,Economy,50A
4706,토,KE2005,13:25,A321-neo,조채원,Economy,40B
4707,토,KE2005,13:25,A321-neo,윤현우,Economy,36K
4708,토,KE2005,13:25,A321-neo,황현우,Economy,54K
4709,토,KE2005,13:25,A321-neo,최수아,Economy,41E
4710,토,KE2005,13:25,A321-neo,임민준,Economy,31H
4711,토,KE2005,13:25,A321-neo,한하윤,Economy,39J
4712,토,KE2005,13:25,A321-neo,안서윤,Economy,50D
4713,토,KE2005,13:25,A321-neo,이하윤,Economy,34E
4714,토,KE2005,13:25,A321-neo,서윤우,Economy,36H
4715,토,KE2005,13:25,A321-neo,강채원,Economy,25B
4716,토,KE2005,13:25,A321-neo,강하윤,Economy,33A
4717,토,KE2005,13:25,A321-neo,오지훈,Economy,26E
4718,토,KE2005,13:25,A321-neo,장서연,Economy,29D
4719,토,KE2005,13:25,A321-neo,신유준,Economy,26K
4720,토,KE2005,13:25,A321-neo,장현우,Economy,41K
4721,토,KE2005,13:25,A321-neo,장지훈,Economy,21H
4722,토,KE2005,13:25,A321-neo,장윤우,Economy,35C
4723,토,KE2005,13:25,A321-neo,안도윤,Economy,22D
4724,토,KE2005,13:25,A321-neo,임지유,Economy,32E
4725,토,KE2005,13:25,A321-neo,서지유,Economy,50B
4726,토,KE2005,13:25,A321-neo,권지우,Economy,31C
4727,토,KE2005,13:25,A321-neo,윤준우,Economy,27C
4728,토,KE2005,13:25,A321-neo,서도윤,Economy,38H
4729,토,KE2005,13:25,A321-neo,윤채원,Economy,21B
4730,토,KE2005,13:25,A321-neo,이유준,Economy,42A
4731,토,KE2005,13:25,A321-neo,조민준,Economy,42B
4732,토,KE2005,13:25,A321-neo,임서윤,Economy,47C
4733,토,KE2005,13:25,A321-neo,안지우,Economy,52C
4734,토,KE2005,13:25,A321-neo,한민준,Economy,20H
4735,토,KE2005,13:25,A321-neo,이현우,Economy,27H
4736,토,KE2005,13:25,A321-neo,조민서,Economy,34A
4737,토,KE2005,13:25,A321-neo,박지유,Economy,34B
4738,토,KE2005,13:25,A321-neo,윤준우,Economy,50J
4739,토,KE2005,13:25,A321-neo,장수아,Economy,49J
4740,토,KE2005,13:25,A321-neo,윤민준,Economy,20A
4741,토,KE2005,13:25,A321-neo,신수아,Economy,35B
4742,토,KE2005,13:25,A321-neo,임하윤,Economy,39H
4743,토,KE2005,13:25,A321-neo,장서윤,Economy,41H
4744,토,KE2005,13:25,A321-neo,김유준,Economy,36A
4745,토,KE2005,13:25,A321-neo,신서연,Economy,53H
4746,토,KE2005,13:25,A321-neo,김예준,Economy,28E
4747,토,KE2005,13:25,A321-neo,안예준,Economy,44B
4748,토,KE2005,13:25,A321-neo,안민준,Economy,38C
4749,토,KE2005,13:25,A321-neo,권민준,Economy,21E
4750,토,KE2005,13:25,A321-neo,조서윤,Economy,24K
4751,토,KE2005,13:25,A321-neo,신민서,Economy,25J
4752,토,KE2005,13:25,A321-neo,강하윤,Economy,38D
4753,토,KE2005,13:25,A321-neo,안지훈,Economy,47H
4754,토,KE2005,13:25,A321-neo,신채원,Economy,38K
4755,토,KE2005,13:25,A321-neo,윤준우,Economy,23A
4756,토,KE2005,13:25,A321-neo,권지우,Economy,33B
4757,토,KE2005,13:25,A321-neo,최하윤,Economy,48B
4758,토,KE2005,13:25,A321-neo,서수아,Economy,43A
4759,토,KE2005,13:25,A321-neo,조지훈,Economy,45H
4760,토,KE2005,13:25,A321-neo,강민준,Economy,27J
4761,토,KE2005,13:25,A321-neo,최수아,Economy,32K
4762,토,KE2005,13:25,A321-neo,신도윤,Economy,40H
4763,토,KE2005,13:25,A321-neo,신서윤,Economy,33E
4764,토,KE2005,13:25,A321-neo,장예준,Economy,27K
4765,토,KE2005,13:25,A321-neo,서윤우,Economy,38E
4766,토,KE2005,13:25,A321-neo,권서연,Economy,38A
4767,토,KE2005,13:25,A321-neo,김도윤,Economy,24C
4768,토,KE2011,19:45,A350-900,오민준,Prestige,13J
4769,토,KE2011,19:45,A350-900,조유준,Prestige,9K
4770,토,KE2011,19:45,A350-900,임민서,Prestige,12B
4771,토,KE2011,19:45,A350-900,한윤우,Prestige,12D
4772,토,KE2011,19:45,A350-900,최서윤,Prestige,14H
4773,토,KE2011,19:45,A350-900,최윤우,Prestige,7C
4774,토,KE2011,19:45,A350-900,이유준,Prestige,13C
4775,토,KE2011,19:45,A350-900,한서윤,Prestige,13E
4776,토,KE2011,19:45,A350-900,김현우,Prestige,9A
4777,토,KE2011,19:45,A350-900,조민서,Prestige,10E
4778,토,KE2011,19:45,A350-900,조예준,Prestige,13D
4779,토,KE2011,19:45,A350-900,서민서,Prestige,9D
4780,토,KE2011,19:45,A350-900,임지유,Prestige,11A
4781,토,KE2011,19:45,A350-900,윤민준,Prestige,14E
4782,토,KE2011,19:45,A350-900,김지우,Prestige,12J
4783,토,KE2011,19:45,A350-900,윤준우,Prestige,14A
4784,토,KE2011,19:45,A350-900,임예준,Prestige,8E
4785,토,KE2011,19:45,A350-900,안예준,Prestige,10C
4786,토,KE2011,19:45,A350-900,장현우,Prestige,9C
4787,토,KE2011,19:45,A350-900,서유준,Prestige,7E
4788,토,KE2011,19:45,A350-900,한윤우,Prestige,10K
4789,토,KE2011,19:45,A350-900,정지훈,Prestige,10B
4790,토,KE2011,19:45,A350-900,한민서,Prestige,10A
4791,토,KE2011,19:45,A350-900,황채원,Economy,24B
4792,토,KE2011,19:45,A350-900,안채원,Economy,49D
4793,토,KE2011,19:45,A350-900,윤현우,Economy,48H
4794,토,KE2011,19:45,A350-900,권서연,Economy,49B
4795,토,KE2011,19:45,A350-900,신민준,Economy,41E
4796,토,KE2011,19:45,A350-900,임민준,Economy,23H
4797,토,KE2011,19:45,A350-900,서예준,Economy,47E
4798,토,KE2011,19:45,A350-900,강하윤,Economy,26A
4799,토,KE2011,19:45,A350-900,황민서,Economy,54J
4800,토,KE2011,19:45,A350-900,신하윤,Economy,22D
4801,토,KE2011,19:45,A350-900,신서윤,Economy,42E
4802,토,KE2011,19:45,A350-900,강민준,Economy,27J
4803,토,KE2011,19:45,A350-900,안도윤,Economy,23J
4804,토,KE2011,19:45,A350-900,오도윤,Economy,24K
4805,토,KE2011,19:45,A350-900,최도윤,Economy,30C
4806,토,KE2011,19:45,A350-900,강준우,Economy,50B
4807,토,KE2011,19:45,A350-900,장준우,Economy,28K
4808,토,KE2011,19:45,A350-900,오현우,Economy,25E
4809,토,KE2011,19:45,A350-900,한서윤,Economy,26K
4810,토,KE2011,19:45,A350-900,신민서,Economy,20K
4811,토,KE2011,19:45,A350-900,최민준,Economy,42H
4812,토,KE2011,19:45,A350-900,박서윤,Economy,44E
4813,토,KE2011,19:45,A350-900,서준우,Economy,52K
4814,토,KE2011,19:45,A350-900,임지유,Economy,36A
4815,토,KE2011,19:45,A350-900,서지유,Economy,34K
4816,토,KE2011,19:45,A350-900,조채원,Economy,54H
4817,토,KE2011,19:45,A350-900,오지유,Economy,35B
4818,토,KE2011,19:45,A350-900,황민서,Economy,40A
4819,토,KE2011,19:45,A350-900,최지훈,Economy,35D
4820,토,KE2011,19:45,A350-900,안지우,Economy,54A
4821,토,KE2011,19:45,A350-900,서서윤,Economy,21A
4822,토,KE2011,19:45,A350-900,안지우,Economy,25B
4823,토,KE2011,19:45,A350-900,신지우,Economy,22K
4824,토,KE2011,19:45,A350-900,임수아,Economy,25D
4825,토,KE2011,19:45,A350-900,한지우,Economy,48B
4826,토,KE2011,19:45,A350-900,이예준,Economy,26D
4827,토,KE2011,19:45,A350-900,한수아,Economy,24A
4828,토,KE2011,19:45,A350-900,황윤우,Economy,53D
4829,토,KE2011,19:45,A350-900,이준우,Economy,31J
4830,토,KE2011,19:45,A350-900,이현우,Economy,33A
4831,토,KE2011,19:45,A350-900,한서연,Economy,51K
4832,토,KE2011,19:45,A350-900,윤윤우,Economy,47K
4833,토,KE2011,19:45,A350-900,이윤우,Economy,34D
4834,토,KE2011,19:45,A350-900,권채원,Economy,24H
4835,토,KE2011,19:45,A350-900,최수아,Economy,23E
4836,토,KE2011,19:45,A350-900,윤서연,Economy,29E
4837,토,KE2011,19:45,A350-900,한채원,Economy,30E
4838,토,KE2011,19:45,A350-900,한서윤,Economy,25A
4839,토,KE2011,19:45,A350-900,조채원,Economy,41K
4840,토,KE2011,19:45,A350-900,강윤우,Economy,54E
4841,토,KE2011,19:45,A350-900,김채원,Economy,22A
4842,토,KE2011,19:45,A350-900,최수아,Economy,27C
4843,토,KE2011,19:45,A350-900,정지우,Economy,45A
4844,토,KE2011,19:45,A350-900,신서연,Economy,51H
4845,토,KE2011,19:45,A350-900,황예준,Economy,37D
4846,토,KE2011,19:45,A350-900,임수아,Economy,40B
4847,토,KE2011,19:45,A350-900,서지우,Economy,33D
4848,토,KE2011,19:45,A350-900,정유준,Economy,50E
4849,토,KE2011,19:45,A350-900,이도윤,Economy,35K
4850,토,KE2011,19:45,A350-900,한현우,Economy,36C
4851,토,KE2011,19:45,A350-900,정채원,Economy,28D
4852,토,KE2011,19:45,A350-900,조윤우,Economy,28H
4853,토,KE2011,19:45,A350-900,정준우,Economy,32D
4854,토,KE2011,19:45,A350-900,조준우,Economy,44A
4855,토,KE2011,19:45,A350-900,한지훈,Economy,40C
4856,토,KE2011,19:45,A350-900,오윤우,Economy,48A
4857,토,KE2011,19:45,A350-900,장윤우,Economy,50H
4858,토,KE2011,19:45,A350-900,권민준,Economy,42J
4859,토,KE2011,19:45,A350-900,윤유준,Economy,37J
4860,토,KE2011,19:45,A350-900,오유준,Economy,34H
4861,토,KE2011,19:45,A350-900,이준우,Economy,51D
4862,토,KE2011,19:45,A350-900,윤하윤,Economy,42D
4863,토,KE2011,19:45,A350-900,윤현우,Economy,41B
4864,토,KE2011,19:45,A350-900,김지유,Economy,32A
4865,토,KE2011,19:45,A350-900,안민서,Economy,49H
4866,토,KE2011,19:45,A350-900,장채원,Economy,41C
4867,토,KE2011,19:45,A350-900,안민준,Economy,33C
4868,토,KE2011,19:45,A350-900,안하윤,Economy,43B
4869,토,KE2011,19:45,A350-900,윤도윤,Economy,26C
4870,토,KE2011,19:45,A350-900,황민서,Economy,45K
4871,토,KE2011,19:45,A350-900,조민준,Economy,44J
4872,토,KE2011,19:45,A350-900,한서연,Economy,47A
4873,토,KE2011,19:45,A350-900,최현우,Economy,32K
4874,토,KE2011,19:45,A350-900,정민서,Economy,38D
4875,토,KE2011,19:45,A350-900,윤지유,Economy,41J
4876,토,KE2011,19:45,A350-900,장유준,Economy,43A
4877,토,KE2011,19:45,A350-900,조현우,Economy,24C
4878,토,KE2011,19:45,A350-900,김민준,Economy,39K
4879,토,KE2011,19:45,A350-900,한하윤,Economy,43E
4880,토,KE2011,19:45,A350-900,조준우,Economy,29A
4881,토,KE2011,19:45,A350-900,김민서,Economy,33B
4882,토,KE2011,19:45,A350-900,신하윤,Economy,53C
4883,토,KE2011,19:45,A350-900,서서윤,Economy,22B
4884,토,KE2011,19:45,A350-900,안지유,Economy,35C
4885,토,KE2011,19:45,A350-900,황지우,Economy,52E
4886,토,KE2011,19:45,A350-900,황하윤,Economy,31K
4887,토,KE2011,19:45,A350-900,조서연,Economy,20C
4888,토,KE2011,19:45,A350-900,신지우,Economy,29C
4889,토,KE2011,19:45,A350-900,권현우,Economy,30H
4890,토,KE2011,19:45,A350-900,임지훈,Economy,20A
4891,토,KE2011,19:45,A350-900,장현우,Economy,36B
4892,토,KE2011,19:45,A350-900,서지훈,Economy,28B
4893,토,KE2011,19:45,A350-900,신지우,Economy,39J
4894,토,KE2011,19:45,A350-900,신지우,Economy,38B
4895,토,KE2011,19:45,A350-900,오서윤,Economy,29K
4896,토,KE2011,19:45,A350-900,오현우,Economy,46K
4897,토,KE2011,19:45,A350-900,임도윤,Economy,32C
4898,토,KE2011,19:45,A350-900,황지우,Economy,41D
4899,토,KE2011,19:45,A350-900,박지훈,Economy,50K
4900,토,KE2011,19:45,A350-900,권현우,Economy,39D
4901,토,KE2011,19:45,A350-900,신수아,Economy,42B
4902,토,KE2011,19:45,A350-900,안윤우,Economy,22C
4903,토,KE2011,19:45,A350-900,김도윤,Economy,45C
4904,토,KE2011,19:45,A350-900,임지훈,Economy,21E
4905,토,KE2011,19:45,A350-900,강현우,Economy,41H
4906,토,KE2011,19:45,A350-900,강윤우,Economy,47D
4907,토,KE2011,19:45,A350-900,박서윤,Economy,38A
4908,토,KE2011,19:45,A350-900,서서윤,Economy,49A
4909,토,KE2011,19:45,A350-900,오예준,Economy,30K
4910,토,KE2011,19:45,A350-900,안채원,Economy,39A
4911,토,KE2011,19:45,A350-900,박윤우,Economy,46B
4912,토,KE2011,19:45,A350-900,안윤우,Economy,34C
4913,토,KE2011,19:45,A350-900,정하윤,Economy,53B
4914,토,KE2011,19:45,A350-900,한지유,Economy,23D
4915,토,KE2011,19:45,A350-900,이수아,Economy,36D
4916,토,KE2011,19:45,A350-900,안민준,Economy,43C
4917,토,KE2011,19:45,A350-900,최민서,Economy,50C
4918,토,KE2011,19:45,A350-900,장유준,Economy,31A
4919,토,KE2011,19:45,A350-900,한도윤,Economy,28C
4920,토,KE2011,19:45,A350-900,정수아,Economy,50J
4921,토,KE2011,19:45,A350-900,서하윤,Economy,22E
4922,토,KE2011,19:45,A350-900,최윤우,Economy,47J
4923,토,KE2011,19:45,A350-900,윤윤우,Economy,42C
4924,토,KE2011,19:45,A350-900,김유준,Economy,46C
4925,토,KE2011,19:45,A350-900,최지우,Economy,29B
4926,토,KE2011,19:45,A350-900,신민서,Economy,49K
4927,토,KE2011,19:45,A350-900,조도윤,Economy,37E
4928,토,KE2011,19:45,A350-900,안채원,Economy,27E
4929,토,KE2011,19:45,A350-900,임준우,Economy,39B
4930,토,KE2011,19:45,A350-900,강하윤,Economy,23A
4931,토,KE2011,19:45,A350-900,안채원,Economy,31E
4932,토,KE2011,19:45,A350-900,황지우,Economy,24E
4933,토,KE2011,19:45,A350-900,권준우,Economy,35E
4934,토,KE2011,19:45,A350-900,최유준,Economy,25J
4935,토,KE2011,19:45,A350-900,조서윤,Economy,37B
4936,토,KE2011,19:45,A350-900,황수아,Economy,35J
4937,토,KE2011,19:45,A350-900,정서윤,Economy,25H
4938,토,KE2011,19:45,A350-900,서민서,Economy,20H
4939,토,KE2011,19:45,A350-900,윤준우,Economy,32J
4940,토,KE2011,19:45,A350-900,신지훈,Economy,54K
4941,토,KE2011,19:45,A350-900,한유준,Economy,26H
4942,토,KE2011,19:45,A350-900,임윤우,Economy,23C
4943,토,KE2011,19:45,A350-900,한채원,Economy,49J
4944,토,KE2011,19:45,A350-900,박지유,Economy,21B
4945,토,KE2011,19:45,A350-900,권하윤,Economy,52D
4946,토,KE2011,19:45,A350-900,윤수아,Economy,20J
4947,토,KE2011,19:45,A350-900,최수아,Economy,26B
4948,토,KE2011,19:45,A350-900,안채원,Economy,47B
4949,토,KE2011,19:45,A350-900,강하윤,Economy,38C
4950,토,KE2011,19:45,A350-900,김도윤,Economy,25C
4951,토,KE2011,19:45,A350-900,임지훈,Economy,30D
4952,토,KE2011,19:45,A350-900,장하윤,Economy,51E
4953,토,KE2011,19:45,A350-900,윤서윤,Economy,43D
4954,토,KE2011,19:45,A350-900,김지훈,Economy,53E
4955,토,KE2011,19:45,A350-900,서유준,Economy,31C
4956,토,KE2011,19:45,A350-900,정민준,Economy,45H
4957,토,KE2011,19:45,A350-900,윤준우,Economy,20B
4958,토,KE2011,19:45,A350-900,조수아,Economy,36E
4959,토,KE2011,19:45,A350-900,서현우,Economy,38J
4960,토,KE2011,19:45,A350-900,윤도윤,Economy,44C
4961,토,KE2011,19:45,A350-900,한서윤,Economy,48K
4962,토,KE2011,19:45,A350-900,한민서,Economy,27A
4963,토,KE2011,19:45,A350-900,장서윤,Economy,21C
4964,토,KE2011,19:45,A350-900,권예준,Economy,40D
4965,토,KE2011,19:45,A350-900,김예준,Economy,20E
4966,토,KE2011,19:45,A350-900,서지유,Economy,43J
4967,토,KE2011,19:45,A350-900,정예준,Economy,36K
4968,토,KE2011,19:45,A350-900,황유준,Economy,33K
4969,토,KE2011,19:45,A350-900,장지훈,Economy,43K
4970,토,KE2011,19:45,A350-900,안유준,Economy,22H
4971,토,KE2011,19:45,A350-900,강지우,Economy,30B
4972,토,KE2011,19:45,A350-900,신채원,Economy,37H
4973,토,KE2011,19:45,A350-900,박예준,Economy,45J
4974,토,KE2011,19:45,A350-900,황지훈,Economy,54B
4975,토,KE2011,19:45,A350-900,서지훈,Economy,27K
4976,토,KE2011,19:45,A350-900,권지유,Economy,28A
4977,토,KE2011,19:45,A350-900,윤채원,Economy,32H
4978,토,KE2011,19:45,A350-900,김서윤,Economy,26E
4979,토,KE2011,19:45,A350-900,이도윤,Economy,52A
4980,토,KE2011,19:45,A350-900,황현우,Economy,49E
4981,토,KE2011,19:45,A350-900,장지훈,Economy,37A
4982,토,KE2011,19:45,A350-900,조유준,Economy,21J
4983,토,KE2011,19:45,A350-900,강준우,Economy,46H
4984,토,KE2011,19:45,A350-900,오유준,Economy,52B
4985,토,KE2011,19:45,A350-900,안도윤,Economy,27B
4986,토,KE2011,19:45,A350-900,신도윤,Economy,29H
4987,토,KE2011,19:45,A350-900,서준우,Economy,37K
4988,토,KE2011,19:45,A350-900,강윤우,Economy,29J
4989,토,KE2011,19:45,A350-900,임민서,Economy,52C
4990,토,KE2011,19:45,A350-900,신준우,Economy,33E
4991,토,KE2011,19:45,A350-900,정현우,Economy,51A
4992,토,KE2011,19:45,A350-900,황예준,Economy,37C
4993,토,KE2011,19:45,A350-900,최수아,Economy,27H
4994,토,KE2011,19:45,A350-900,정유준,Economy,50A
4995,토,KE2011,19:45,A350-900,조지훈,Economy,36H
4996,토,KE2011,19:45,A350-900,신지유,Economy,38H
4997,토,KE2011,19:45,A350-900,최유준,Economy,46J
4998,토,KE2011,19:45,A350-900,최예준,Economy,33J
4999,토,KE2011,19:45,A350-900,박지우,Economy,47C
5000,토,KE2011,19:45,A350-900,권유준,Economy,32B
5001,토,KE2011,19:45,A350-900,권지유,Economy,34J
5002,토,KE2011,19:45,A350-900,서채원,Economy,36J
5003,토,KE2011,19:45,A350-900,한유준,Economy,35H
5004,토,KE2011,19:45,A350-900,최지우,Economy,44H
5005,토,KE2011,19:45,A350-900,박지훈,Economy,34B
5006,토,KE2011,19:45,A350-900,권민준,Economy,40K
5007,토,KE2011,19:45,A350-900,윤예준,Economy,23K
5015,일,KE2001,8:05,A330-300,권지훈,Prestige,8D
5016,일,KE2001,8:05,A330-300,조지유,Prestige,14J
5017,일,KE2001,8:05,A330-300,윤유준,Prestige,12J
5018,일,KE2001,8:05,A330-300,장예준,Prestige,12D
5019,일,KE2001,8:05,A330-300,권민준,Prestige,13H
5020,일,KE2001,8:05,A330-300,박민준,Prestige,11H
5021,일,KE2001,8:05,A330-300,박서연,Prestige,14K
5022,일,KE2001,8:05,A330-300,황지우,Prestige,13B
5023,일,KE2001,8:05,A330-300,서민준,Prestige,9K
5024,일,KE2001,8:05,A330-300,신준우,Prestige,12C
5025,일,KE2001,8:05,A330-300,임서윤,Prestige,9H
5026,일,KE2001,8:05,A330-300,정유준,Prestige,10H
5027,일,KE2001,8:05,A330-300,조윤우,Prestige,8C
5028,일,KE2001,8:05,A330-300,윤현우,Prestige,7K
5029,일,KE2001,8:05,A330-300,윤민서,Prestige,14H
5030,일,KE2001,8:05,A330-300,박지유,Prestige,7C
5031,일,KE2001,8:05,A330-300,이현우,Prestige,14E
5032,일,KE2001,8:05,A330-300,윤서윤,Prestige,12A
5033,일,KE2001,8:05,A330-300,최예준,Prestige,8E
5034,일,KE2001,8:05,A330-300,신윤우,Prestige,11C
5035,일,KE2001,8:05,A330-300,정유준,Prestige,8H
5036,일,KE2001,8:05,A330-300,황현우,Prestige,14C
5037,일,KE2001,8:05,A330-300,최수아,Prestige,7A
5038,일,KE2001,8:05,A330-300,조윤우,Prestige,13C
5039,일,KE2001,8:05,A330-300,황서연,Prestige,8B
5040,일,KE2001,8:05,A330-300,최서연,Prestige,9D
5041,일,KE2001,8:05,A330-300,장현우,Prestige,12K
5042,일,KE2001,8:05,A330-300,윤지훈,Prestige,7J
5043,일,KE2001,8:05,A330-300,한지훈,Prestige,14D
5044,일,KE2001,8:05,A330-300,안지유,Prestige,11B
5045,일,KE2001,8:05,A330-300,최하윤,Prestige,9E
5046,일,KE2001,8:05,A330-300,최수아,Prestige,13E
5047,일,KE2001,8:05,A330-300,강민서,Prestige,12E
5048,일,KE2001,8:05,A330-300,황서연,Prestige,13A
5049,일,KE2001,8:05,A330-300,한하윤,Prestige,13K
5050,일,KE2001,8:05,A330-300,임유준,Prestige,9C
5051,일,KE2001,8:05,A330-300,황준우,Prestige,7H
5052,일,KE2001,8:05,A330-300,임지훈,Prestige,8J
5053,일,KE2001,8:05,A330-300,윤유준,Prestige,11K
5054,일,KE2001,8:05,A330-300,오지유,Prestige,10C
5055,일,KE2001,8:05,A330-300,정수아,Economy,51K
5056,일,KE2001,8:05,A330-300,오준우,Economy,44D
5057,일,KE2001,8:05,A330-300,신민서,Economy,30H
5058,일,KE2001,8:05,A330-300,정현우,Economy,34A
5059,일,KE2001,8:05,A330-300,서유준,Economy,43C
5060,일,KE2001,8:05,A330-300,오수아,Economy,54C
5061,일,KE2001,8:05,A330-300,한민서,Economy,36B
5062,일,KE2001,8:05,A330-300,신수아,Economy,40H
5063,일,KE2001,8:05,A330-300,조준우,Economy,50D
5064,일,KE2001,8:05,A330-300,서지유,Economy,21B
5065,일,KE2001,8:05,A330-300,오현우,Economy,26A
5066,일,KE2001,8:05,A330-300,조지훈,Economy,51B
5067,일,KE2001,8:05,A330-300,최지훈,Economy,44K
5068,일,KE2001,8:05,A330-300,임서윤,Economy,21D
5069,일,KE2001,8:05,A330-300,강서연,Economy,48C
5070,일,KE2001,8:05,A330-300,황민서,Economy,32A
5071,일,KE2001,8:05,A330-300,한지우,Economy,48E
5072,일,KE2001,8:05,A330-300,최지유,Economy,41K
5073,일,KE2001,8:05,A330-300,한민서,Economy,22J
5074,일,KE2001,8:05,A330-300,황윤우,Economy,39H
5075,일,KE2001,8:05,A330-300,임준우,Economy,22H
5076,일,KE2001,8:05,A330-300,권준우,Economy,21C
5077,일,KE2001,8:05,A330-300,안서연,Economy,31H
5078,일,KE2001,8:05,A330-300,강현우,Economy,30D
5079,일,KE2001,8:05,A330-300,황유준,Economy,25H
5080,일,KE2001,8:05,A330-300,이준우,Economy,26E
5081,일,KE2001,8:05,A330-300,김유준,Economy,29C
5082,일,KE2001,8:05,A330-300,신도윤,Economy,45J
5083,일,KE2001,8:05,A330-300,한민서,Economy,23D
5084,일,KE2001,8:05,A330-300,임지우,Economy,44J
5085,일,KE2001,8:05,A330-300,안서윤,Economy,32C
5086,일,KE2001,8:05,A330-300,박지우,Economy,51A
5087,일,KE2001,8:05,A330-300,오서윤,Economy,48A
5088,일,KE2001,8:05,A330-300,한지훈,Economy,52D
5089,일,KE2001,8:05,A330-300,최수아,Economy,43J
5090,일,KE2001,8:05,A330-300,안예준,Economy,37B
5091,일,KE2001,8:05,A330-300,서하윤,Economy,33C
5092,일,KE2001,8:05,A330-300,장도윤,Economy,20A
5093,일,KE2001,8:05,A330-300,조도윤,Economy,40J
5094,일,KE2001,8:05,A330-300,이윤우,Economy,35E
5095,일,KE2001,8:05,A330-300,윤민서,Economy,29H
5096,일,KE2001,8:05,A330-300,김윤우,Economy,29E
5097,일,KE2001,8:05,A330-300,오수아,Economy,21E
5098,일,KE2001,8:05,A330-300,정지훈,Economy,38B
5099,일,KE2001,8:05,A330-300,정수아,Economy,20J
5100,일,KE2001,8:05,A330-300,안서연,Economy,32B
5101,일,KE2001,8:05,A330-300,신준우,Economy,49H
5102,일,KE2001,8:05,A330-300,서채원,Economy,36C
5103,일,KE2001,8:05,A330-300,한도윤,Economy,41C
5104,일,KE2001,8:05,A330-300,임민서,Economy,29K
5105,일,KE2001,8:05,A330-300,한지유,Economy,45C
5106,일,KE2001,8:05,A330-300,한채원,Economy,44C
5107,일,KE2001,8:05,A330-300,이민서,Economy,46H
5108,일,KE2001,8:05,A330-300,윤민준,Economy,47A
5109,일,KE2001,8:05,A330-300,권하윤,Economy,49B
5110,일,KE2001,8:05,A330-300,조하윤,Economy,20D
5111,일,KE2001,8:05,A330-300,박수아,Economy,54D
5112,일,KE2001,8:05,A330-300,황민서,Economy,31A
5113,일,KE2001,8:05,A330-300,정유준,Economy,24C
5114,일,KE2001,8:05,A330-300,오민준,Economy,26J
5115,일,KE2001,8:05,A330-300,강지우,Economy,51J
5116,일,KE2001,8:05,A330-300,신민준,Economy,23K
5117,일,KE2001,8:05,A330-300,안도윤,Economy,52E
5118,일,KE2001,8:05,A330-300,임채원,Economy,33J
5119,일,KE2001,8:05,A330-300,한민준,Economy,52J
5120,일,KE2001,8:05,A330-300,최지훈,Economy,52H
5121,일,KE2001,8:05,A330-300,한지훈,Economy,47J
5122,일,KE2001,8:05,A330-300,윤지훈,Economy,31C
5123,일,KE2001,8:05,A330-300,권민서,Economy,51C
5124,일,KE2001,8:05,A330-300,한예준,Economy,25K
5125,일,KE2001,8:05,A330-300,정도윤,Economy,35K
5126,일,KE2001,8:05,A330-300,서서연,Economy,54A
5127,일,KE2001,8:05,A330-300,임채원,Economy,41E
5128,일,KE2001,8:05,A330-300,조민준,Economy,25A
5129,일,KE2001,8:05,A330-300,임채원,Economy,33D
5130,일,KE2001,8:05,A330-300,신채원,Economy,40E
5131,일,KE2001,8:05,A330-300,이유준,Economy,54H
5132,일,KE2001,8:05,A330-300,임민준,Economy,53H
5133,일,KE2001,8:05,A330-300,안수아,Economy,51E
5134,일,KE2001,8:05,A330-300,황준우,Economy,43H
5135,일,KE2001,8:05,A330-300,오민준,Economy,29D
5136,일,KE2001,8:05,A330-300,황윤우,Economy,36A
5137,일,KE2001,8:05,A330-300,장민준,Economy,27C
5138,일,KE2001,8:05,A330-300,한도윤,Economy,33A
5139,일,KE2001,8:05,A330-300,황지유,Economy,45E
5140,일,KE2001,8:05,A330-300,김준우,Economy,31E
5141,일,KE2001,8:05,A330-300,박수아,Economy,34J
5142,일,KE2001,8:05,A330-300,박수아,Economy,51D
5143,일,KE2001,8:05,A330-300,장준우,Economy,28B
5144,일,KE2001,8:05,A330-300,오유준,Economy,53C
5145,일,KE2001,8:05,A330-300,박민서,Economy,34C
5146,일,KE2001,8:05,A330-300,조도윤,Economy,30J
5147,일,KE2001,8:05,A330-300,황지유,Economy,41J
5148,일,KE2001,8:05,A330-300,박서윤,Economy,45K
5149,일,KE2001,8:05,A330-300,조현우,Economy,33E
5150,일,KE2001,8:05,A330-300,오하윤,Economy,34D
5151,일,KE2001,8:05,A330-300,장수아,Economy,35D
5152,일,KE2001,8:05,A330-300,박지훈,Economy,27B
5153,일,KE2001,8:05,A330-300,한현우,Economy,35A
5154,일,KE2001,8:05,A330-300,황지훈,Economy,37D
5155,일,KE2001,8:05,A330-300,이준우,Economy,31D
5156,일,KE2001,8:05,A330-300,최지훈,Economy,30B
5157,일,KE2001,8:05,A330-300,권지우,Economy,28C
5158,일,KE2001,8:05,A330-300,이민서,Economy,31K
5159,일,KE2001,8:05,A330-300,최지유,Economy,48K
5160,일,KE2001,8:05,A330-300,박지우,Economy,24E
5161,일,KE2001,8:05,A330-300,최수아,Economy,41D
5162,일,KE2001,8:05,A330-300,박채원,Economy,28J
5163,일,KE2001,8:05,A330-300,조수아,Economy,35C
5164,일,KE2001,8:05,A330-300,정준우,Economy,30A
5165,일,KE2001,8:05,A330-300,안채원,Economy,37K
5166,일,KE2001,8:05,A330-300,박준우,Economy,24K
5167,일,KE2001,8:05,A330-300,김민서,Economy,24J
5168,일,KE2001,8:05,A330-300,박윤우,Economy,43B
5169,일,KE2001,8:05,A330-300,윤하윤,Economy,23H
5170,일,KE2001,8:05,A330-300,최민준,Economy,32E
5171,일,KE2001,8:05,A330-300,장하윤,Economy,36D
5172,일,KE2001,8:05,A330-300,안수아,Economy,25C
5173,일,KE2001,8:05,A330-300,윤하윤,Economy,49D
5174,일,KE2001,8:05,A330-300,오지훈,Economy,42B
5175,일,KE2001,8:05,A330-300,권유준,Economy,37H
5176,일,KE2001,8:05,A330-300,황예준,Economy,53J
5177,일,KE2001,8:05,A330-300,임서연,Economy,24B
5178,일,KE2001,8:05,A330-300,조유준,Economy,28E
5179,일,KE2001,8:05,A330-300,한서윤,Economy,33H
5180,일,KE2001,8:05,A330-300,최준우,Economy,25B
5181,일,KE2001,8:05,A330-300,권준우,Economy,39A
5182,일,KE2001,8:05,A330-300,박서연,Economy,50B
5183,일,KE2001,8:05,A330-300,이윤우,Economy,22C
5184,일,KE2001,8:05,A330-300,강준우,Economy,32J
5185,일,KE2001,8:05,A330-300,서민서,Economy,42J
5186,일,KE2001,8:05,A330-300,강하윤,Economy,27K
5187,일,KE2001,8:05,A330-300,안수아,Economy,26K
5188,일,KE2001,8:05,A330-300,서지훈,Economy,36K
5189,일,KE2001,8:05,A330-300,권민준,Economy,54B
5190,일,KE2001,8:05,A330-300,황수아,Economy,40D
5191,일,KE2001,8:05,A330-300,신윤우,Economy,25D
5192,일,KE2001,8:05,A330-300,황하윤,Economy,40C
5193,일,KE2001,8:05,A330-300,정윤우,Economy,54K
5194,일,KE2001,8:05,A330-300,최수아,Economy,24H
5195,일,KE2001,8:05,A330-300,이채원,Economy,37A
5196,일,KE2001,8:05,A330-300,신민준,Economy,35B
5197,일,KE2001,8:05,A330-300,장서연,Economy,29A
5198,일,KE2001,8:05,A330-300,강수아,Economy,20K
5199,일,KE2001,8:05,A330-300,신지유,Economy,47K
5200,일,KE2001,8:05,A330-300,최도윤,Economy,26H
5201,일,KE2001,8:05,A330-300,윤채원,Economy,47C
5202,일,KE2001,8:05,A330-300,조지우,Economy,30C
5203,일,KE2001,8:05,A330-300,황민서,Economy,40K
5204,일,KE2001,8:05,A330-300,강수아,Economy,27A
5205,일,KE2001,8:05,A330-300,안유준,Economy,48J
5206,일,KE2001,8:05,A330-300,최민준,Economy,23A
5207,일,KE2001,8:05,A330-300,조유준,Economy,46E
5208,일,KE2001,8:05,A330-300,윤지우,Economy,47D
5209,일,KE2001,8:05,A330-300,신예준,Economy,44A
5210,일,KE2001,8:05,A330-300,권수아,Economy,52C
5211,일,KE2001,8:05,A330-300,황지유,Economy,53A
5212,일,KE2001,8:05,A330-300,강지우,Economy,49K
5213,일,KE2001,8:05,A330-300,윤지유,Economy,28D
5214,일,KE2001,8:05,A330-300,오현우,Economy,54J
5215,일,KE2001,8:05,A330-300,신윤우,Economy,27J
5216,일,KE2001,8:05,A330-300,한민서,Economy,34E
5217,일,KE2001,8:05,A330-300,임민준,Economy,21A
5218,일,KE2001,8:05,A330-300,안민서,Economy,22K
5219,일,KE2001,8:05,A330-300,신수아,Economy,53E
5220,일,KE2001,8:05,A330-300,한서연,Economy,37E
5221,일,KE2001,8:05,A330-300,박서연,Economy,43A
5222,일,KE2001,8:05,A330-300,안유준,Economy,50K
5223,일,KE2001,8:05,A330-300,조준우,Economy,50J
5224,일,KE2001,8:05,A330-300,최지우,Economy,54E
5225,일,KE2001,8:05,A330-300,조민준,Economy,39D
5226,일,KE2001,8:05,A330-300,김채원,Economy,43D
5227,일,KE2001,8:05,A330-300,오수아,Economy,20E
5228,일,KE2001,8:05,A330-300,한수아,Economy,36J
5229,일,KE2001,8:05,A330-300,서지훈,Economy,25J
5230,일,KE2001,8:05,A330-300,정예준,Economy,34K
5231,일,KE2001,8:05,A330-300,박준우,Economy,29J
5232,일,KE2001,8:05,A330-300,김민서,Economy,28K
5233,일,KE2001,8:05,A330-300,최서윤,Economy,24D
5234,일,KE2001,8:05,A330-300,박현우,Economy,42D
5235,일,KE2001,8:05,A330-300,장도윤,Economy,45H
5236,일,KE2001,8:05,A330-300,오유준,Economy,53K
5237,일,KE2001,8:05,A330-300,오서윤,Economy,22B
5238,일,KE2001,8:05,A330-300,임예준,Economy,20B
5239,일,KE2001,8:05,A330-300,신하윤,Economy,27H
5240,일,KE2001,8:05,A330-300,서도윤,Economy,50E
5241,일,KE2001,8:05,A330-300,황도윤,Economy,39E
5242,일,KE2001,8:05,A330-300,장예준,Economy,46D
5243,일,KE2001,8:05,A330-300,신수아,Economy,49A
5244,일,KE2001,8:05,A330-300,강예준,Economy,36H
5245,일,KE2001,8:05,A330-300,정예준,Economy,42K
5246,일,KE2001,8:05,A330-300,최지훈,Economy,32H
5247,일,KE2001,8:05,A330-300,황도윤,Economy,23J
5248,일,KE2001,8:05,A330-300,임지훈,Economy,49C
5249,일,KE2001,8:05,A330-300,한도윤,Economy,33B
5250,일,KE2001,8:05,A330-300,권지훈,Economy,36E
5251,일,KE2001,8:05,A330-300,김서윤,Economy,34H
5252,일,KE2001,8:05,A330-300,장윤우,Economy,28A
5253,일,KE2001,8:05,A330-300,안지훈,Economy,46K
5254,일,KE2001,8:05,A330-300,이현우,Economy,42E
5255,일,KE2001,8:05,A330-300,박지우,Economy,50H
5256,일,KE2001,8:05,A330-300,권민서,Economy,23E
5257,일,KE2001,8:05,A330-300,이현우,Economy,25E
5258,일,KE2001,8:05,A330-300,한유준,Economy,32K
5259,일,KE2001,8:05,A330-300,한윤우,Economy,42H
5260,일,KE2001,8:05,A330-300,오채원,Economy,32D
5261,일,KE2001,8:05,A330-300,서예준,Economy,44E
5262,일,KE2001,8:05,A330-300,장지우,Economy,27D
5263,일,KE2001,8:05,A330-300,윤채원,Economy,29B
5264,일,KE2001,8:05,A330-300,황준우,Economy,43K
5265,일,KE2001,8:05,A330-300,장윤우,Economy,30K
5266,일,KE2001,8:05,A330-300,강서연,Economy,38K
5267,일,KE2001,8:05,A330-300,조지훈,Economy,38D
5268,일,KE2001,8:05,A330-300,윤지유,Economy,47H
5269,일,KE2001,8:05,A330-300,이지유,Economy,46J
5270,일,KE2001,8:05,A330-300,안수아,Economy,50A
5271,일,KE2005,13:25,A330-300,안윤우,Prestige,9J
5272,일,KE2005,13:25,A321-neo,이윤우,Prestige,12C
5273,일,KE2005,13:25,A321-neo,박현우,Prestige,11C
5274,일,KE2005,13:25,A321-neo,박지우,Prestige,12H
5275,일,KE2005,13:25,A321-neo,강서윤,Prestige,14H
5276,일,KE2005,13:25,A321-neo,김현우,Prestige,10E
5277,일,KE2005,13:25,A321-neo,오현우,Prestige,13C
5278,일,KE2005,13:25,A321-neo,한지훈,Prestige,14B
5279,일,KE2005,13:25,A321-neo,김채원,Prestige,11E
5280,일,KE2005,13:25,A321-neo,한예준,Prestige,12J
5281,일,KE2005,13:25,A321-neo,안윤우,Prestige,11A
5282,일,KE2005,13:25,A321-neo,황현우,Prestige,12A
5283,일,KE2005,13:25,A321-neo,정지우,Prestige,8A
5284,일,KE2005,13:25,A321-neo,이도윤,Prestige,8D
5285,일,KE2005,13:25,A321-neo,서민준,Prestige,11H
5286,일,KE2005,13:25,A321-neo,서예준,Prestige,14C
5287,일,KE2005,13:25,A321-neo,이현우,Prestige,11K
5288,일,KE2005,13:25,A321-neo,김윤우,Prestige,9B
5289,일,KE2005,13:25,A321-neo,윤서윤,Prestige,13J
5290,일,KE2005,13:25,A321-neo,서하윤,Prestige,11D
5291,일,KE2005,13:25,A321-neo,황지우,Prestige,9E
5292,일,KE2005,13:25,A321-neo,권유준,Prestige,11J
5293,일,KE2005,13:25,A321-neo,최현우,Prestige,13K
5294,일,KE2005,13:25,A321-neo,오현우,Prestige,10A
5295,일,KE2005,13:25,A321-neo,장준우,Prestige,10D
5296,일,KE2005,13:25,A321-neo,김윤우,Prestige,14D
5297,일,KE2005,13:25,A321-neo,박서윤,Prestige,13H
5298,일,KE2005,13:25,A321-neo,한도윤,Prestige,12B
5299,일,KE2005,13:25,A321-neo,정하윤,Economy,22C
5300,일,KE2005,13:25,A321-neo,윤준우,Economy,51E
5301,일,KE2005,13:25,A321-neo,한지유,Economy,41C
5302,일,KE2005,13:25,A321-neo,서준우,Economy,51C
5303,일,KE2005,13:25,A321-neo,안민서,Economy,48C
5304,일,KE2005,13:25,A321-neo,강도윤,Economy,53D
5305,일,KE2005,13:25,A321-neo,조민서,Economy,32B
5306,일,KE2005,13:25,A321-neo,임유준,Economy,53C
5307,일,KE2005,13:25,A321-neo,박민서,Economy,53J
5308,일,KE2005,13:25,A321-neo,정지훈,Economy,26A
5309,일,KE2005,13:25,A321-neo,오하윤,Economy,40K
5310,일,KE2005,13:25,A321-neo,오채원,Economy,53K
5311,일,KE2005,13:25,A321-neo,정지훈,Economy,51A
5312,일,KE2005,13:25,A321-neo,박현우,Economy,29H
5313,일,KE2005,13:25,A321-neo,권현우,Economy,41B
5314,일,KE2005,13:25,A321-neo,이지유,Economy,52D
5315,일,KE2005,13:25,A321-neo,윤예준,Economy,31J
5316,일,KE2005,13:25,A321-neo,최예준,Economy,46E
5317,일,KE2005,13:25,A321-neo,신지훈,Economy,43B
5318,일,KE2005,13:25,A321-neo,강예준,Economy,52H
5319,일,KE2005,13:25,A321-neo,황현우,Economy,36J
5320,일,KE2005,13:25,A321-neo,윤서윤,Economy,49J
5321,일,KE2005,13:25,A321-neo,신서윤,Economy,33B
5322,일,KE2005,13:25,A321-neo,박민준,Economy,26K
5323,일,KE2005,13:25,A321-neo,이수아,Economy,44J
5324,일,KE2005,13:25,A321-neo,오민서,Economy,52B
5325,일,KE2005,13:25,A321-neo,강민준,Economy,42E
5326,일,KE2005,13:25,A321-neo,최서윤,Economy,40B
5327,일,KE2005,13:25,A321-neo,박하윤,Economy,49C
5328,일,KE2005,13:25,A321-neo,오준우,Economy,54B
5329,일,KE2005,13:25,A321-neo,서하윤,Economy,20B
5330,일,KE2005,13:25,A321-neo,정서연,Economy,45C
5331,일,KE2005,13:25,A321-neo,오윤우,Economy,45H
5332,일,KE2005,13:25,A321-neo,조지우,Economy,22A
5333,일,KE2005,13:25,A321-neo,김지우,Economy,27J
5334,일,KE2005,13:25,A321-neo,박서윤,Economy,33J
5335,일,KE2005,13:25,A321-neo,정도윤,Economy,47B
5336,일,KE2005,13:25,A321-neo,박서연,Economy,35K
5337,일,KE2005,13:25,A321-neo,윤준우,Economy,43D
5338,일,KE2005,13:25,A321-neo,권윤우,Economy,24B
5339,일,KE2005,13:25,A321-neo,강수아,Economy,43K
5340,일,KE2005,13:25,A321-neo,최민준,Economy,41A
5341,일,KE2005,13:25,A321-neo,최하윤,Economy,21E
5342,일,KE2005,13:25,A321-neo,장채원,Economy,26B
5343,일,KE2005,13:25,A321-neo,조민서,Economy,25K
5344,일,KE2005,13:25,A321-neo,정수아,Economy,36K
5345,일,KE2005,13:25,A321-neo,한지우,Economy,43A
5346,일,KE2005,13:25,A321-neo,이하윤,Economy,24H
5347,일,KE2005,13:25,A321-neo,최지훈,Economy,44E
5348,일,KE2005,13:25,A321-neo,서예준,Economy,29D
5349,일,KE2005,13:25,A321-neo,권채원,Economy,47E
5350,일,KE2005,13:25,A321-neo,서서연,Economy,48E
5351,일,KE2005,13:25,A321-neo,정예준,Economy,54H
5352,일,KE2005,13:25,A321-neo,정윤우,Economy,31K
5353,일,KE2005,13:25,A321-neo,조민준,Economy,37H
5354,일,KE2005,13:25,A321-neo,이준우,Economy,31E
5355,일,KE2005,13:25,A321-neo,최수아,Economy,38K
5356,일,KE2005,13:25,A321-neo,윤지훈,Economy,45B
5357,일,KE2005,13:25,A321-neo,이지훈,Economy,54A
5358,일,KE2005,13:25,A321-neo,안수아,Economy,41E
5359,일,KE2005,13:25,A321-neo,조하윤,Economy,25D
5360,일,KE2005,13:25,A321-neo,김민준,Economy,23J
5361,일,KE2005,13:25,A321-neo,서지훈,Economy,40J
5362,일,KE2005,13:25,A321-neo,이유준,Economy,25E
5363,일,KE2005,13:25,A321-neo,조준우,Economy,50D
5364,일,KE2005,13:25,A321-neo,이준우,Economy,48K
5365,일,KE2005,13:25,A321-neo,김지우,Economy,54K
5366,일,KE2005,13:25,A321-neo,조민준,Economy,50B
5367,일,KE2005,13:25,A321-neo,신지우,Economy,52A
5368,일,KE2005,13:25,A321-neo,한지훈,Economy,44C
5369,일,KE2005,13:25,A321-neo,박민준,Economy,53H
5370,일,KE2005,13:25,A321-neo,김예준,Economy,27D
5371,일,KE2005,13:25,A321-neo,황윤우,Economy,47H
5372,일,KE2005,13:25,A321-neo,이서윤,Economy,39C
5373,일,KE2005,13:25,A321-neo,정민준,Economy,36H
5374,일,KE2005,13:25,A321-neo,임지유,Economy,40A
5375,일,KE2005,13:25,A321-neo,최윤우,Economy,24C
5376,일,KE2005,13:25,A321-neo,서지훈,Economy,37B
5377,일,KE2005,13:25,A321-neo,임유준,Economy,50J
5378,일,KE2005,13:25,A321-neo,서준우,Economy,23D
5379,일,KE2005,13:25,A321-neo,오하윤,Economy,21A
5380,일,KE2005,13:25,A321-neo,서준우,Economy,33D
5381,일,KE2005,13:25,A321-neo,김지유,Economy,21K
5382,일,KE2005,13:25,A321-neo,안예준,Economy,42C
5383,일,KE2005,13:25,A321-neo,김지우,Economy,53A
5384,일,KE2005,13:25,A321-neo,최민서,Economy,27C
5385,일,KE2005,13:25,A321-neo,권서윤,Economy,39D
5386,일,KE2005,13:25,A321-neo,한하윤,Economy,30K
5387,일,KE2005,13:25,A321-neo,한지훈,Economy,53B
5388,일,KE2005,13:25,A321-neo,안서연,Economy,27B
5389,일,KE2005,13:25,A321-neo,조서윤,Economy,50C
5390,일,KE2005,13:25,A321-neo,황도윤,Economy,46A
5391,일,KE2005,13:25,A321-neo,이윤우,Economy,34H
5392,일,KE2005,13:25,A321-neo,서민준,Economy,32C
5393,일,KE2005,13:25,A321-neo,윤지우,Economy,49K
5394,일,KE2005,13:25,A321-neo,안지훈,Economy,51H
5395,일,KE2005,13:25,A321-neo,장서윤,Economy,47J
5396,일,KE2005,13:25,A321-neo,오민준,Economy,36A
5397,일,KE2005,13:25,A321-neo,신유준,Economy,38A
5398,일,KE2005,13:25,A321-neo,김도윤,Economy,34A
5399,일,KE2005,13:25,A321-neo,황지훈,Economy,31B
5400,일,KE2005,13:25,A321-neo,이예준,Economy,48D
5401,일,KE2005,13:25,A321-neo,박서윤,Economy,38B
5402,일,KE2005,13:25,A321-neo,신준우,Economy,28D
5403,일,KE2005,13:25,A321-neo,김현우,Economy,51K
5404,일,KE2005,13:25,A321-neo,권지훈,Economy,52K
5405,일,KE2005,13:25,A321-neo,황윤우,Economy,39E
5406,일,KE2005,13:25,A321-neo,조수아,Economy,51B
5407,일,KE2005,13:25,A321-neo,신지훈,Economy,40C
5408,일,KE2005,13:25,A321-neo,최서윤,Economy,50H
5409,일,KE2005,13:25,A321-neo,권현우,Economy,34J
5410,일,KE2005,13:25,A321-neo,임서윤,Economy,32D
5411,일,KE2005,13:25,A321-neo,강지유,Economy,40H
5412,일,KE2005,13:25,A321-neo,정윤우,Economy,42A
5413,일,KE2005,13:25,A321-neo,임하윤,Economy,35B
5414,일,KE2005,13:25,A321-neo,서유준,Economy,44A
5415,일,KE2005,13:25,A321-neo,한지유,Economy,35D
5416,일,KE2005,13:25,A321-neo,신지우,Economy,27K
5417,일,KE2005,13:25,A321-neo,권수아,Economy,28K
5418,일,KE2005,13:25,A321-neo,한유준,Economy,32J
5419,일,KE2005,13:25,A321-neo,신지우,Economy,48A
5420,일,KE2005,13:25,A321-neo,조수아,Economy,45A
5421,일,KE2005,13:25,A321-neo,박서연,Economy,39B
5422,일,KE2005,13:25,A321-neo,한윤우,Economy,33A
5423,일,KE2005,13:25,A321-neo,강지훈,Economy,52J
5424,일,KE2005,13:25,A321-neo,조지유,Economy,42K
5425,일,KE2005,13:25,A321-neo,김윤우,Economy,30C
5426,일,KE2005,13:25,A321-neo,이민준,Economy,33H
5427,일,KE2005,13:25,A321-neo,한지유,Economy,40D
5428,일,KE2005,13:25,A321-neo,정윤우,Economy,39K
5429,일,KE2005,13:25,A321-neo,장하윤,Economy,40E
5430,일,KE2005,13:25,A321-neo,서지우,Economy,26H
5431,일,KE2005,13:25,A321-neo,안채원,Economy,23C
5432,일,KE2005,13:25,A321-neo,서민서,Economy,39A
5433,일,KE2005,13:25,A321-neo,박민준,Economy,37C
5434,일,KE2005,13:25,A321-neo,강서윤,Economy,47D
5435,일,KE2005,13:25,A321-neo,한예준,Economy,46B
5436,일,KE2005,13:25,A321-neo,권지우,Economy,22B
5437,일,KE2005,13:25,A321-neo,강하윤,Economy,31C
5438,일,KE2005,13:25,A321-neo,신윤우,Economy,50E
5439,일,KE2005,13:25,A321-neo,박서연,Economy,30H
5440,일,KE2005,13:25,A321-neo,서도윤,Economy,26D
5441,일,KE2005,13:25,A321-neo,서서연,Economy,20K
5442,일,KE2005,13:25,A321-neo,김서연,Economy,23E
5443,일,KE2005,13:25,A321-neo,윤지우,Economy,25A
5444,일,KE2005,13:25,A321-neo,이지유,Economy,47C
5445,일,KE2005,13:25,A321-neo,임윤우,Economy,54D
5446,일,KE2005,13:25,A321-neo,한서연,Economy,47K
5447,일,KE2005,13:25,A321-neo,정윤우,Economy,31A
5448,일,KE2005,13:25,A321-neo,권서윤,Economy,43H
5449,일,KE2005,13:25,A321-neo,임하윤,Economy,43J
5450,일,KE2005,13:25,A321-neo,정서연,Economy,49B
5451,일,KE2005,13:25,A321-neo,이준우,Economy,25J
5452,일,KE2005,13:25,A321-neo,조지유,Economy,34B
5453,일,KE2005,13:25,A321-neo,황채원,Economy,43C
5454,일,KE2005,13:25,A321-neo,안채원,Economy,36C
5455,일,KE2005,13:25,A321-neo,강지유,Economy,49D
5456,일,KE2005,13:25,A321-neo,한수아,Economy,31D
5457,일,KE2005,13:25,A321-neo,강윤우,Economy,44D
5458,일,KE2005,13:25,A321-neo,강서윤,Economy,22E
5459,일,KE2005,13:25,A321-neo,김민서,Economy,33C
5460,일,KE2005,13:25,A321-neo,임하윤,Economy,54E
5461,일,KE2005,13:25,A321-neo,신유준,Economy,20C
5462,일,KE2005,13:25,A321-neo,조윤우,Economy,29C
5463,일,KE2005,13:25,A321-neo,조민서,Economy,24D
5464,일,KE2005,13:25,A321-neo,김준우,Economy,38D
5465,일,KE2005,13:25,A321-neo,강서윤,Economy,38J
5466,일,KE2005,13:25,A321-neo,안민서,Economy,21C
5467,일,KE2005,13:25,A321-neo,권수아,Economy,28H
5468,일,KE2005,13:25,A321-neo,임지유,Economy,20H
5469,일,KE2005,13:25,A321-neo,장지훈,Economy,28C
5470,일,KE2005,13:25,A321-neo,정서윤,Economy,54J
5471,일,KE2005,13:25,A321-neo,권지훈,Economy,46K
5472,일,KE2005,13:25,A321-neo,김준우,Economy,42J
5473,일,KE2005,13:25,A321-neo,정채원,Economy,28J
5474,일,KE2005,13:25,A321-neo,안민준,Economy,44B
5475,일,KE2005,13:25,A321-neo,한예준,Economy,35C
5476,일,KE2005,13:25,A321-neo,한채원,Economy,38C
5477,일,KE2005,13:25,A321-neo,임채원,Economy,30A
5478,일,KE2005,13:25,A321-neo,박예준,Economy,42H
5479,일,KE2005,13:25,A321-neo,안도윤,Economy,46J
5480,일,KE2005,13:25,A321-neo,황하윤,Economy,27H
5481,일,KE2005,13:25,A321-neo,서지우,Economy,51D
5482,일,KE2005,13:25,A321-neo,임지유,Economy,31H
5483,일,KE2005,13:25,A321-neo,이윤우,Economy,26C
5484,일,KE2005,13:25,A321-neo,윤지훈,Economy,50A
5485,일,KE2005,13:25,A321-neo,장채원,Economy,28A
5486,일,KE2005,13:25,A321-neo,오윤우,Economy,35H
5487,일,KE2005,13:25,A321-neo,강채원,Economy,35E
5488,일,KE2005,13:25,A321-neo,최현우,Economy,37K
5489,일,KE2005,13:25,A321-neo,오도윤,Economy,20D
5490,일,KE2005,13:25,A321-neo,김민준,Economy,29K
5491,일,KE2005,13:25,A321-neo,황지유,Economy,51J
5492,일,KE2005,13:25,A321-neo,김서윤,Economy,20E
5493,일,KE2005,13:25,A321-neo,안채원,Economy,37E
5494,일,KE2005,13:25,A321-neo,한서윤,Economy,48H
5495,일,KE2005,13:25,A321-neo,조서윤,Economy,21D
5496,일,KE2005,13:25,A321-neo,박채원,Economy,39J
5497,일,KE2005,13:25,A321-neo,조수아,Economy,37D
5498,일,KE2005,13:25,A321-neo,강현우,Economy,22D
5499,일,KE2005,13:25,A321-neo,강하윤,Economy,41D
5500,일,KE2005,13:25,A321-neo,임지훈,Economy,20J
5501,일,KE2005,13:25,A321-neo,서서윤,Economy,34D
5502,일,KE2005,13:25,A321-neo,이윤우,Economy,37J
5503,일,KE2005,13:25,A321-neo,강준우,Economy,36D
5504,일,KE2005,13:25,A321-neo,이윤우,Economy,48B
5505,일,KE2005,13:25,A321-neo,임민서,Economy,35A
5506,일,KE2005,13:25,A321-neo,이예준,Economy,33E
5507,일,KE2005,13:25,A321-neo,정민서,Economy,36B
5508,일,KE2005,13:25,A321-neo,임유준,Economy,47A
5509,일,KE2005,13:25,A321-neo,서현우,Economy,25C
5510,일,KE2005,13:25,A321-neo,임준우,Economy,29B
5511,일,KE2005,13:25,A321-neo,최지유,Economy,23H
5512,일,KE2005,13:25,A321-neo,이도윤,Economy,49H
5513,일,KE2005,13:25,A321-neo,한지우,Economy,29A
5514,일,KE2005,13:25,A321-neo,장서연,Economy,29E
5515,일,KE2005,13:25,A321-neo,이유준,Economy,38H
5516,일,KE2005,13:25,A321-neo,강하윤,Economy,22K
5517,일,KE2005,13:25,A321-neo,정민준,Economy,29J
5518,일,KE2005,13:25,A321-neo,박하윤,Economy,52E
5519,일,KE2005,13:25,A321-neo,권윤우,Economy,30J
5520,일,KE2005,13:25,A321-neo,장서윤,Economy,45D
5521,일,KE2005,13:25,A321-neo,안수아,Economy,36E
5522,일,KE2005,13:25,A321-neo,강윤우,Economy,45E
5523,일,KE2005,13:25,A321-neo,강준우,Economy,35J
5524,일,KE2005,13:25,A321-neo,신민서,Economy,32E
5525,일,KE2005,13:25,A321-neo,장예준,Economy,30D
5526,일,KE2005,13:25,A321-neo,오유준,Economy,28B
5527,일,KE2005,13:25,A321-neo,오지유,Economy,46D
5528,일,KE2011,19:45,A350-900,김준우,Prestige,14D
5529,일,KE2011,19:45,A350-900,박수아,Prestige,10K
5530,일,KE2011,19:45,A350-900,안서연,Prestige,13A
5531,일,KE2011,19:45,A350-900,조유준,Prestige,7H
5532,일,KE2011,19:45,A350-900,정하윤,Prestige,9A
5533,일,KE2011,19:45,A350-900,최민준,Prestige,9K
5534,일,KE2011,19:45,A350-900,임지유,Prestige,11H
5535,일,KE2011,19:45,A350-900,장지훈,Prestige,13H
5536,일,KE2011,19:45,A350-900,한준우,Prestige,10A
5537,일,KE2011,19:45,A350-900,임하윤,Prestige,11J
5538,일,KE2011,19:45,A350-900,김채원,Prestige,11C
5539,일,KE2011,19:45,A350-900,한수아,Prestige,10B
5540,일,KE2011,19:45,A350-900,조윤우,Prestige,13C
5541,일,KE2011,19:45,A350-900,최민준,Prestige,8A
5542,일,KE2011,19:45,A350-900,윤하윤,Prestige,13K
5543,일,KE2011,19:45,A350-900,윤현우,Prestige,8H
5544,일,KE2011,19:45,A350-900,조예준,Prestige,12D
5545,일,KE2011,19:45,A350-900,박채원,Prestige,11A
5546,일,KE2011,19:45,A350-900,강지우,Prestige,12A
5547,일,KE2011,19:45,A350-900,안채원,Prestige,9C
5548,일,KE2011,19:45,A350-900,신수아,Prestige,10J
5549,일,KE2011,19:45,A350-900,조현우,Prestige,10E
5550,일,KE2011,19:45,A350-900,최현우,Prestige,10C
5551,일,KE2011,19:45,A350-900,안지우,Prestige,14H
5552,일,KE2011,19:45,A350-900,권민서,Prestige,9J
5553,일,KE2011,19:45,A350-900,윤수아,Economy,22C
5554,일,KE2011,19:45,A350-900,오지유,Economy,31C
5555,일,KE2011,19:45,A350-900,오예준,Economy,42K
5556,일,KE2011,19:45,A350-900,임준우,Economy,27H
5557,일,KE2011,19:45,A350-900,강민준,Economy,27C
5558,일,KE2011,19:45,A350-900,윤채원,Economy,43J
5559,일,KE2011,19:45,A350-900,김지훈,Economy,29A
5560,일,KE2011,19:45,A350-900,황지우,Economy,37K
5561,일,KE2011,19:45,A350-900,권현우,Economy,28A
5562,일,KE2011,19:45,A350-900,강하윤,Economy,31J
5563,일,KE2011,19:45,A350-900,정서윤,Economy,29H
5564,일,KE2011,19:45,A350-900,서채원,Economy,20H
5565,일,KE2011,19:45,A350-900,황서윤,Economy,31A
5566,일,KE2011,19:45,A350-900,이수아,Economy,53C
5567,일,KE2011,19:45,A350-900,황채원,Economy,32C
5568,일,KE2011,19:45,A350-900,신유준,Economy,46J
5569,일,KE2011,19:45,A350-900,한윤우,Economy,53E
5570,일,KE2011,19:45,A350-900,이현우,Economy,42E
5571,일,KE2011,19:45,A350-900,김서윤,Economy,41C
5572,일,KE2011,19:45,A350-900,최서윤,Economy,22H
5573,일,KE2011,19:45,A350-900,강지우,Economy,30B
5574,일,KE2011,19:45,A350-900,이수아,Economy,44A
5575,일,KE2011,19:45,A350-900,안수아,Economy,37H
5576,일,KE2011,19:45,A350-900,정채원,Economy,44K
5577,일,KE2011,19:45,A350-900,김도윤,Economy,49C
5578,일,KE2011,19:45,A350-900,김예준,Economy,32K
5579,일,KE2011,19:45,A350-900,장지훈,Economy,49J
5580,일,KE2011,19:45,A350-900,정유준,Economy,47E
5581,일,KE2011,19:45,A350-900,이지훈,Economy,50C
5582,일,KE2011,19:45,A350-900,신수아,Economy,41K
5583,일,KE2011,19:45,A350-900,권민준,Economy,44D
5584,일,KE2011,19:45,A350-900,김지훈,Economy,23E
5585,일,KE2011,19:45,A350-900,권수아,Economy,37E
5586,일,KE2011,19:45,A350-900,신서윤,Economy,54D
5587,일,KE2011,19:45,A350-900,권지유,Economy,42H
5588,일,KE2011,19:45,A350-900,윤채원,Economy,51J
5589,일,KE2011,19:45,A350-900,권서윤,Economy,22K
5590,일,KE2011,19:45,A350-900,황준우,Economy,52A
5591,일,KE2011,19:45,A350-900,안하윤,Economy,28C
5592,일,KE2011,19:45,A350-900,박서윤,Economy,48C
5593,일,KE2011,19:45,A350-900,권지유,Economy,21D
5594,일,KE2011,19:45,A350-900,황도윤,Economy,36D
5595,일,KE2011,19:45,A350-900,이유준,Economy,45K
5596,일,KE2011,19:45,A350-900,오도윤,Economy,25K
5597,일,KE2011,19:45,A350-900,이서윤,Economy,48D
5598,일,KE2011,19:45,A350-900,오예준,Economy,48A
5599,일,KE2011,19:45,A350-900,안지유,Economy,23A
5600,일,KE2011,19:45,A350-900,권민준,Economy,52K
5601,일,KE2011,19:45,A350-900,신지우,Economy,30J
5602,일,KE2011,19:45,A350-900,한채원,Economy,53D
5603,일,KE2011,19:45,A350-900,신서연,Economy,40A
5604,일,KE2011,19:45,A350-900,김예준,Economy,23K
5605,일,KE2011,19:45,A350-900,이지우,Economy,28B
5606,일,KE2011,19:45,A350-900,윤예준,Economy,28E
5607,일,KE2011,19:45,A350-900,임서연,Economy,26D
5608,일,KE2011,19:45,A350-900,최채원,Economy,25E
5609,일,KE2011,19:45,A350-900,정수아,Economy,39C
5610,일,KE2011,19:45,A350-900,강지훈,Economy,28H
5611,일,KE2011,19:45,A350-900,한현우,Economy,32D
5612,일,KE2011,19:45,A350-900,윤윤우,Economy,35B
5613,일,KE2011,19:45,A350-900,김윤우,Economy,49B
5614,일,KE2011,19:45,A350-900,박지유,Economy,54E
5615,일,KE2011,19:45,A350-900,오현우,Economy,25C
5616,일,KE2011,19:45,A350-900,오채원,Economy,43E
5617,일,KE2011,19:45,A350-900,오지훈,Economy,31E
5618,일,KE2011,19:45,A350-900,조현우,Economy,41E
5619,일,KE2011,19:45,A350-900,이윤우,Economy,20C
5620,일,KE2011,19:45,A350-900,장서윤,Economy,52E
5621,일,KE2011,19:45,A350-900,임채원,Economy,38C
5622,일,KE2011,19:45,A350-900,박현우,Economy,35H
5623,일,KE2011,19:45,A350-900,권채원,Economy,46E
5624,일,KE2011,19:45,A350-900,서수아,Economy,27B
5625,일,KE2011,19:45,A350-900,최민준,Economy,48B
5626,일,KE2011,19:45,A350-900,안수아,Economy,43H
5627,일,KE2011,19:45,A350-900,강준우,Economy,30A
5628,일,KE2011,19:45,A350-900,권채원,Economy,40C
5629,일,KE2011,19:45,A350-900,이윤우,Economy,38H
5630,일,KE2011,19:45,A350-900,윤민서,Economy,51A
5631,일,KE2011,19:45,A350-900,장유준,Economy,44H
5632,일,KE2011,19:45,A350-900,한현우,Economy,49H
5633,일,KE2011,19:45,A350-900,황준우,Economy,37J
5634,일,KE2011,19:45,A350-900,권민서,Economy,25B
5635,일,KE2011,19:45,A350-900,안지우,Economy,31D
5636,일,KE2011,19:45,A350-900,한지훈,Economy,30K
5637,일,KE2011,19:45,A350-900,안지유,Economy,23B
5638,일,KE2011,19:45,A350-900,윤준우,Economy,29B
5639,일,KE2011,19:45,A350-900,안하윤,Economy,38J
5640,일,KE2011,19:45,A350-900,신지우,Economy,26C
5641,일,KE2011,19:45,A350-900,정지훈,Economy,22D
5642,일,KE2011,19:45,A350-900,서지우,Economy,34A
5643,일,KE2011,19:45,A350-900,강예준,Economy,33H
5644,일,KE2011,19:45,A350-900,조예준,Economy,39K
5645,일,KE2011,19:45,A350-900,김민서,Economy,22J
5646,일,KE2011,19:45,A350-900,박지유,Economy,24A
5647,일,KE2011,19:45,A350-900,정도윤,Economy,49A
5648,일,KE2011,19:45,A350-900,이준우,Economy,24B
5649,일,KE2011,19:45,A350-900,신민준,Economy,36E
5650,일,KE2011,19:45,A350-900,황서윤,Economy,40J
5651,일,KE2011,19:45,A350-900,권지우,Economy,51D
5652,일,KE2011,19:45,A350-900,신채원,Economy,54H
5653,일,KE2011,19:45,A350-900,박지훈,Economy,36B
5654,일,KE2011,19:45,A350-900,권채원,Economy,39E
5655,일,KE2011,19:45,A350-900,정유준,Economy,28D
5656,일,KE2011,19:45,A350-900,조지유,Economy,30D
5657,일,KE2011,19:45,A350-900,정민서,Economy,40B
5658,일,KE2011,19:45,A350-900,오현우,Economy,51E
5659,일,KE2011,19:45,A350-900,안하윤,Economy,36C
5660,일,KE2011,19:45,A350-900,최하윤,Economy,33A
5661,일,KE2011,19:45,A350-900,박민서,Economy,54K
5662,일,KE2011,19:45,A350-900,황하윤,Economy,35A
5663,일,KE2011,19:45,A350-900,황서연,Economy,33E
5664,일,KE2011,19:45,A350-900,이하윤,Economy,43D
5665,일,KE2011,19:45,A350-900,황민준,Economy,50H
5666,일,KE2011,19:45,A350-900,오준우,Economy,42J
5667,일,KE2011,19:45,A350-900,임채원,Economy,40K
5668,일,KE2011,19:45,A350-900,김현우,Economy,52B
5669,일,KE2011,19:45,A350-900,권서윤,Economy,37A
5670,일,KE2011,19:45,A350-900,서서연,Economy,54J
5671,일,KE2011,19:45,A350-900,임하윤,Economy,29K
5672,일,KE2011,19:45,A350-900,정현우,Economy,25A
5673,일,KE2011,19:45,A350-900,권유준,Economy,47C
5674,일,KE2011,19:45,A350-900,신유준,Economy,44J
5675,일,KE2011,19:45,A350-900,임하윤,Economy,37B
5676,일,KE2011,19:45,A350-900,조지유,Economy,26B
5677,일,KE2011,19:45,A350-900,최예준,Economy,41D
5678,일,KE2011,19:45,A350-900,김지우,Economy,51H
5679,일,KE2011,19:45,A350-900,강지우,Economy,24H
5680,일,KE2011,19:45,A350-900,황도윤,Economy,42C
5681,일,KE2011,19:45,A350-900,정준우,Economy,22A
5682,일,KE2011,19:45,A350-900,황도윤,Economy,29E
5683,일,KE2011,19:45,A350-900,이유준,Economy,29D
5684,일,KE2011,19:45,A350-900,권수아,Economy,44C
5685,일,KE2011,19:45,A350-900,임지유,Economy,46B
5686,일,KE2011,19:45,A350-900,임서윤,Economy,43B
5687,일,KE2011,19:45,A350-900,한하윤,Economy,50A
5688,일,KE2011,19:45,A350-900,안현우,Economy,47B
5689,일,KE2011,19:45,A350-900,김하윤,Economy,34J
5690,일,KE2011,19:45,A350-900,안예준,Economy,39J
5691,일,KE2011,19:45,A350-900,박유준,Economy,51C
5692,일,KE2011,19:45,A350-900,장예준,Economy,21B
5693,일,KE2011,19:45,A350-900,윤민서,Economy,47D
5694,일,KE2011,19:45,A350-900,조하윤,Economy,42D
5695,일,KE2011,19:45,A350-900,정예준,Economy,47J
5696,일,KE2011,19:45,A350-900,김서윤,Economy,47K
5697,일,KE2011,19:45,A350-900,최민서,Economy,27K
5698,일,KE2011,19:45,A350-900,임채원,Economy,30E
5699,일,KE2011,19:45,A350-900,장지훈,Economy,24E
5700,일,KE2011,19:45,A350-900,안지유,Economy,35E
5701,일,KE2011,19:45,A350-900,박하윤,Economy,54C
5702,일,KE2011,19:45,A350-900,권민서,Economy,52C
5703,일,KE2011,19:45,A350-900,오지유,Economy,41B
5704,일,KE2011,19:45,A350-900,윤지훈,Economy,26K
5705,일,KE2011,19:45,A350-900,한지훈,Economy,41H
5706,일,KE2011,19:45,A350-900,안유준,Economy,46C
5707,일,KE2011,19:45,A350-900,서지우,Economy,23J
5708,일,KE2011,19:45,A350-900,정수아,Economy,52D
5709,일,KE2011,19:45,A350-900,김유준,Economy,37D
5710,일,KE2011,19:45,A350-900,한수아,Economy,32H
5711,일,KE2011,19:45,A350-900,윤서연,Economy,45H
5712,일,KE2011,19:45,A350-900,윤하윤,Economy,50B
5713,일,KE2011,19:45,A350-900,황하윤,Economy,45C
5714,일,KE2011,19:45,A350-900,서수아,Economy,24D
5715,일,KE2011,19:45,A350-900,박준우,Economy,21A
5716,일,KE2011,19:45,A350-900,김지유,Economy,38D
5717,일,KE2011,19:45,A350-900,오유준,Economy,40D
5718,일,KE2011,19:45,A350-900,장현우,Economy,27J
5719,일,KE2011,19:45,A350-900,황채원,Economy,32E
5720,일,KE2011,19:45,A350-900,안지유,Economy,53K
5721,일,KE2011,19:45,A350-900,박유준,Economy,52J
5722,일,KE2011,19:45,A350-900,신수아,Economy,51K
5723,일,KE2011,19:45,A350-900,윤채원,Economy,21H
5724,일,KE2011,19:45,A350-900,한윤우,Economy,26A
5725,일,KE2011,19:45,A350-900,임지유,Economy,27A
5726,일,KE2011,19:45,A350-900,최윤우,Economy,35D
5727,일,KE2011,19:45,A350-900,박하윤,Economy,34E
5728,일,KE2011,19:45,A350-900,한도윤,Economy,38E
5729,일,KE2011,19:45,A350-900,정윤우,Economy,34C
5730,일,KE2011,19:45,A350-900,장채원,Economy,36K
5731,일,KE2011,19:45,A350-900,신서윤,Economy,28J
5732,일,KE2011,19:45,A350-900,오지우,Economy,40E
5733,일,KE2011,19:45,A350-900,오채원,Economy,45D
5734,일,KE2011,19:45,A350-900,이현우,Economy,54B
5735,일,KE2011,19:45,A350-900,임현우,Economy,36A
5736,일,KE2011,19:45,A350-900,임서연,Economy,29J
5737,일,KE2011,19:45,A350-900,황도윤,Economy,36H
5738,일,KE2011,19:45,A350-900,박현우,Economy,20K
5739,일,KE2011,19:45,A350-900,김지훈,Economy,26H
5740,일,KE2011,19:45,A350-900,윤지우,Economy,46K
5741,일,KE2011,19:45,A350-900,신서윤,Economy,31B
5742,일,KE2011,19:45,A350-900,장지유,Economy,24J
5743,일,KE2011,19:45,A350-900,서유준,Economy,48H
5744,일,KE2011,19:45,A350-900,강윤우,Economy,54A
5745,일,KE2011,19:45,A350-900,오유준,Economy,30H
5746,일,KE2011,19:45,A350-900,조수아,Economy,33J
5747,일,KE2011,19:45,A350-900,신윤우,Economy,33D
5748,일,KE2011,19:45,A350-900,장민준,Economy,48J
5749,일,KE2011,19:45,A350-900,이지우,Economy,53H
5750,일,KE2011,19:45,A350-900,한현우,Economy,48K
5751,일,KE2011,19:45,A350-900,조준우,Economy,31K
5752,일,KE2011,19:45,A350-900,조민서,Economy,35C
5753,일,KE2011,19:45,A350-900,장채원,Economy,39A
5754,일,KE2011,19:45,A350-900,정채원,Economy,20D
5755,일,KE2011,19:45,A350-900,조지우,Economy,45E
5756,일,KE2011,19:45,A350-900,조수아,Economy,20A
5757,일,KE2011,19:45,A350-900,오도윤,Economy,38A
5758,일,KE2011,19:45,A350-900,윤채원,Economy,43C
5759,일,KE2011,19:45,A350-900,윤지우,Economy,53B
5760,일,KE2011,19:45,A350-900,김준우,Economy,20E
5761,일,KE2011,19:45,A350-900,이유준,Economy,41J
5762,일,KE2011,19:45,A350-900,서윤우,Economy,22E
5763,일,KE2011,19:45,A350-900,황윤우,Economy,43A
5764,일,KE2011,19:45,A350-900,박예준,Economy,26J
5765,일,KE2011,19:45,A350-900,권준우,Economy,21C
5766,일,KE2011,19:45,A350-900,김예준,Economy,33B
5767,일,KE2011,19:45,A350-900,박민서,Economy,31H
5768,일,KE2011,19:45,A350-900,강지유,Economy,38K
5769,일,KE2011,19:45,A350-900,조현우,Economy,30C
5770,일,KE2011,19:45,A350-900,황서윤,Economy,37C
5771,일,KE2011,19:45,A350-900,조민서,Economy,36J
5772,일,KE2011,19:45,A350-900,강예준,Economy,32B
5773,일,KE2011,19:45,A350-900,박지우,Economy,35K
5774,일,KE2011,19:45,A350-900,한현우,Economy,46H
5775,일,KE2011,19:45,A350-900,권예준,Economy,23H
5776,일,KE2011,19:45,A350-900,서하윤,Economy,34H
5777,일,KE2011,19:45,A350-900,정유준,Economy,33C
5778,일,KE2011,19:45,A350-900,정예준,Economy,23C
5779,일,KE2011,19:45,A350-900,정서연,Economy,27D
5780,일,KE2011,19:45,A350-900,강예준,Economy,50D
5781,일,KE2011,19:45,A350-900,임민준,Economy,40H
5782,일,KE2011,19:45,A350-900,신채원,Economy,45J
5783,일,KE2011,19:45,A350-900,최지유,Economy,25D
5784,일,KE2011,19:45,A350-900,김서연,Economy,22B
5785,일,KE2011,19:45,A350-900,오윤우,Economy,21J
5786,일,KE2011,19:45,A350-900,이윤우,Economy,50J
5787,일,KE2011,19:45,A350-900,황예준,Economy,24C
5788,일,KE2011,19:45,A350-900,이지훈,Economy,52H